typecheck	0	14s	19:59:09
migration-drift	0	9s	19:59:18
task302-boot-safety	0	7s	19:59:25
openapi-drift	0	7s	19:59:32
response-contract-drift	0	22s	19:59:54
palette-drift	0	1s	19:59:55
standalone-palette-drift	0	3s	19:59:58
dead-components	0	0s	19:59:58
accent-drift	0	2s	20:00:00
dead-exports	0	7s	20:00:07
root-script-drift	0	2s	20:00:09
theme-registry-types	0	2s	20:00:11
canonical-token-parity	0	43s	20:00:54
admin-catalog-kind-mappings	0	0s	20:00:54
webfont-fetch	0	2s	20:00:56
artifact-deps	0	7s	20:01:03
prefs-revision-races	0	2s	20:02:32
search-typos	0	15s	20:02:47
taxonomy-listing-parity	0	10s	20:02:57
pool-probe	0	3s	20:03:00
task302-build	0	21s	20:03:21
lint-ratchet	0	70s	20:10:05
typecheck2	0	5s	20:10:10
task302-build2	0	20s	20:10:31
unit	0	13s	20:10:44
print-audit	0	77s	20:12:01
responsive-audit	0	87s	20:13:28
tablet-audit	0	48s	20:14:17
url-params-audit	1	95s	20:15:53
tag-route-audit	0	10s	20:16:03
collections-audit	0	21s	20:16:24
auth-return-audit	1	150s	20:18:54
task302-resilience	0	32s	20:19:26
seo-snapshot	0	179s	20:22:25
taxonomy-no-corpus-fetch	0	31s	20:22:56
ds-showcase	0	37s	20:23:33
ds-button-sweep	0	125s	20:25:38
sticky-preview-audit	0	10s	20:25:49
guest-recommendations	0	12s	20:26:01
product-profile-browser	0	29s	20:26:30
font-prepaint	0	5s	20:26:35
cache-headers	0	34s	20:27:09
integration	1	159s	20:29:48
