file	rule	baseline_errors	baseline_warnings	current_errors	current_warnings	delta_errors	delta_warnings	delta_total
.agents/skills/beautiful-mermaid/scripts/create-html.ts	parsing-error	1	0	1	0	0	0	0
.agents/skills/beautiful-mermaid/scripts/render.ts	parsing-error	1	0	1	0	0	0	0
.agents/skills/e2e-validate/scripts/web-validator.mjs	parsing-error	1	0	1	0	0	0	0
.agents/skills/playwright-skill/lib/helpers.js	parsing-error	1	0	1	0	0	0	0
.agents/skills/playwright-skill/run.js	parsing-error	1	0	1	0	0	0	0
.agents/skills/sequential-thinking/scripts/format-thought.js	parsing-error	1	0	1	0	0	0	0
.agents/skills/sequential-thinking/scripts/process-thought.js	parsing-error	1	0	1	0	0	0	0
.agents/skills/sequential-thinking/tests/format-thought.test.js	parsing-error	1	0	1	0	0	0	0
.agents/skills/sequential-thinking/tests/process-thought.test.js	parsing-error	1	0	1	0	0	0	0
.agents/skills/tailwind-v4-shadcn/templates/theme-provider.tsx	parsing-error	1	0	1	0	0	0	0
.agents/skills/tailwind-v4-shadcn/templates/utils.ts	parsing-error	1	0	1	0	0	0	0
.agents/skills/tailwind-v4-shadcn/templates/vite.config.ts	parsing-error	1	0	1	0	0	0	0
.agents/skills/working-with-cc/scripts/update_docs.js	parsing-error	1	0	1	0	0	0	0
.cache/ms-playwright/chromium-1223/chrome-linux64/resources/accessibility/reading_mode_gdocs_helper/content.js	parsing-error	0	0	1	0	1	0	1
.cache/ms-playwright/chromium-1223/chrome-linux64/resources/accessibility/reading_mode_gdocs_helper/gdocs_script.js	parsing-error	0	0	1	0	1	0	1
.cache/ms-playwright/chromium-1223/chrome-linux64/resources/inspector_overlay/main.js	parsing-error	0	0	1	0	1	0	1
.cache/parity-task/lint-diff.mjs	parsing-error	0	0	1	0	1	0	1
.cache/parity-task/mutation-guards.mjs	parsing-error	0	0	1	0	1	0	1
.cache/parity-task/parity-eslint.config.mjs	parsing-error	0	0	1	0	1	0	1
.cache/parity-task/verify-run.cjs	parsing-error	0	0	1	0	1	0	1
.local/custom_skills/ak-docs-seeker/scripts/analyze-llms-txt.js	parsing-error	0	0	1	0	1	0	1
.local/custom_skills/ak-docs-seeker/scripts/detect-topic.js	parsing-error	0	0	1	0	1	0	1
.local/custom_skills/ak-docs-seeker/scripts/fetch-docs.js	parsing-error	0	0	1	0	1	0	1
.local/custom_skills/ak-docs-seeker/scripts/tests/run-tests.js	parsing-error	0	0	1	0	1	0	1
.local/custom_skills/ak-docs-seeker/scripts/tests/test-analyze-llms.js	parsing-error	0	0	1	0	1	0	1
.local/custom_skills/ak-docs-seeker/scripts/tests/test-detect-topic.js	parsing-error	0	0	1	0	1	0	1
.local/custom_skills/ak-docs-seeker/scripts/tests/test-fetch-docs.js	parsing-error	0	0	1	0	1	0	1
.local/custom_skills/ak-docs-seeker/scripts/utils/env-loader.js	parsing-error	0	0	1	0	1	0	1
.local/custom_skills/ak-show-off/scripts/capture-sections.js	parsing-error	0	0	1	0	1	0	1
.local/custom_skills/ak-show-off/scripts/preferences.js	parsing-error	0	0	1	0	1	0	1
.local/custom_skills/ak-show-off/scripts/preferences.test.js	parsing-error	0	0	1	0	1	0	1
.local/custom_skills/ak-web-testing/scripts/analyze-test-results.js	parsing-error	0	0	1	0	1	0	1
.local/custom_skills/ak-web-testing/scripts/init-playwright.js	parsing-error	0	0	1	0	1	0	1
.local/custom_skills/e2e-validate/scripts/web-validator.mjs	parsing-error	0	0	1	0	1	0	1
.local/custom_skills/playwright-skill/lib/helpers.js	parsing-error	0	0	1	0	1	0	1
.local/custom_skills/playwright-skill/run.js	parsing-error	0	0	1	0	1	0	1
.local/custom_skills/website-bug-hunt/scripts/helpers.js	parsing-error	0	0	1	0	1	0	1
.local/custom_skills/website-bug-hunt/scripts/run.js	parsing-error	0	0	1	0	1	0	1
.local/prod-cleanup/execute-cleanup.mjs	parsing-error	0	0	1	0	1	0	1
.local/qa_wp6_promote.mts	parsing-error	0	0	1	0	1	0	1
.local/qa-dv/_probe.ts	parsing-error	0	0	1	0	1	0	1
.local/qa-dv/b_authdetail.ts	parsing-error	0	0	1	0	1	0	1
.local/qa-dv/b_category.ts	parsing-error	0	0	1	0	1	0	1
.local/qa-dv/b_home.ts	parsing-error	0	0	1	0	1	0	1
.local/qa-dv/b_journey.ts	parsing-error	0	0	1	0	1	0	1
.local/qa-dv/b_related_066.ts	parsing-error	0	0	1	0	1	0	1
.local/qa-dv/b_responsive.ts	parsing-error	0	0	1	0	1	0	1
.local/qa-dv/b_search_040.ts	parsing-error	0	0	1	0	1	0	1
.local/qa-dv/b_search.ts	parsing-error	0	0	1	0	1	0	1
.local/qa-dv/b_smoke.ts	parsing-error	0	0	1	0	1	0	1
.local/qa-dv/b_submit_098.ts	parsing-error	0	0	1	0	1	0	1
.local/qa-dv/b_submit.ts	parsing-error	0	0	1	0	1	0	1
.local/qa-dv/baseline.ts	parsing-error	0	0	1	0	1	0	1
.local/qa-dv/browser.ts	parsing-error	0	0	1	0	1	0	1
.local/qa-dv/cleanup.ts	parsing-error	0	0	1	0	1	0	1
.local/qa-dv/dv_browser.ts	parsing-error	0	0	1	0	1	0	1
.local/qa-dv/dv064.ts	parsing-error	0	0	1	0	1	0	1
.local/qa-dv/dv150.ts	parsing-error	0	0	1	0	1	0	1
.local/qa-dv/dv165_final.ts	parsing-error	0	0	1	0	1	0	1
.local/qa-dv/finalize.ts	parsing-error	0	0	1	0	1	0	1
.local/qa-dv/getslugs.ts	parsing-error	0	0	1	0	1	0	1
.local/qa-dv/lib.ts	parsing-error	0	0	1	0	1	0	1
.local/qa-dv/probe_pending.ts	parsing-error	0	0	1	0	1	0	1
.local/qa-dv/q.ts	parsing-error	0	0	1	0	1	0	1
.local/qa-dv/q2.ts	parsing-error	0	0	1	0	1	0	1
.local/qa-dv/rec_palette.ts	parsing-error	0	0	1	0	1	0	1
.local/qa-dv/rec_submitform.ts	parsing-error	0	0	1	0	1	0	1
.local/qa-dv/rec_vm.ts	parsing-error	0	0	1	0	1	0	1
.local/qa-dv/rec_wave1ui_a.ts	parsing-error	0	0	1	0	1	0	1
.local/qa-dv/rec022.ts	parsing-error	0	0	1	0	1	0	1
.local/qa-dv/smoke.ts	parsing-error	0	0	1	0	1	0	1
.local/qa-dv/teardown_journey.ts	parsing-error	0	0	1	0	1	0	1
.local/qa-dv/verify_journey.ts	parsing-error	0	0	1	0	1	0	1
.local/qa-dv/wave1.ts	parsing-error	0	0	1	0	1	0	1
.local/qa-dv/wave2.ts	parsing-error	0	0	1	0	1	0	1
.local/qa-dv/wave3.ts	parsing-error	0	0	1	0	1	0	1
.local/qa-dv/wave4.ts	parsing-error	0	0	1	0	1	0	1
.local/qa-dv/wave4b.ts	parsing-error	0	0	1	0	1	0	1
.local/qa-dv/wave5.ts	parsing-error	0	0	1	0	1	0	1
.local/qa-dv/wave5b.ts	parsing-error	0	0	1	0	1	0	1
.local/qa-followups/validate.ts	parsing-error	0	0	1	0	1	0	1
.local/qa/_recshape.mjs	parsing-error	0	0	1	0	1	0	1
.local/qa/_recvals.mjs	parsing-error	0	0	1	0	1	0	1
.local/qa/_slugs.mjs	parsing-error	0	0	1	0	1	0	1
.local/qa/dv158.mjs	parsing-error	0	0	1	0	1	0	1
.local/qa/dv163_linkcheck.ts	parsing-error	0	0	1	0	1	0	1
.local/qa/lib.mjs	parsing-error	0	0	1	0	1	0	1
.local/qa/probe.mjs	parsing-error	0	0	1	0	1	0	1
.local/qa/pw-lib.mjs	parsing-error	0	0	1	0	1	0	1
.local/qa/pw-login.mjs	parsing-error	0	0	1	0	1	0	1
.local/qa/pw-profile-verify.mjs	parsing-error	0	0	1	0	1	0	1
.local/qa/pw-responsive.mjs	parsing-error	0	0	1	0	1	0	1
.local/qa/pw-ui-a.mjs	parsing-error	0	0	1	0	1	0	1
.local/qa/pw-ui-b.mjs	parsing-error	0	0	1	0	1	0	1
.local/qa/pw-ui-multirow.mjs	parsing-error	0	0	1	0	1	0	1
.local/qa/qa_admin_list.mjs	parsing-error	0	0	1	0	1	0	1
.local/qa/qa_enrichment.mjs	parsing-error	0	0	1	0	1	0	1
.local/qa/qa_search_confirm.mjs	parsing-error	0	0	1	0	1	0	1
.local/qa/w1_breadcrumb_sidebar.mjs	parsing-error	0	0	1	0	1	0	1
.local/qa/w1_cat.mjs	parsing-error	0	0	1	0	1	0	1
.local/qa/w1_dv014.mjs	parsing-error	0	0	1	0	1	0	1
.local/qa/w1_dv040.mjs	parsing-error	0	0	1	0	1	0	1
.local/qa/w1_hier.mjs	parsing-error	0	0	1	0	1	0	1
.local/qa/w1_home.mjs	parsing-error	0	0	1	0	1	0	1
.local/qa/w1_search_dialog.mjs	parsing-error	0	0	1	0	1	0	1
.local/qa/w1_search_view.mjs	parsing-error	0	0	1	0	1	0	1
.local/qa/wave1.mjs	parsing-error	0	0	1	0	1	0	1
.local/qa/wave2.mjs	parsing-error	0	0	1	0	1	0	1
.local/qa/wave3.mjs	parsing-error	0	0	1	0	1	0	1
.local/qa/wave4.mjs	parsing-error	0	0	1	0	1	0	1
.local/qa/wave5.mjs	parsing-error	0	0	1	0	1	0	1
.local/qa73/blurtest.ts	parsing-error	0	0	1	0	1	0	1
.local/skills/artifacts/bootstrap-legacy.js	parsing-error	0	0	1	0	1	0	1
.local/skills/artifacts/bootstrap.js	parsing-error	0	0	1	0	1	0	1
.local/skills/clerk-auth/templates/api-server/src/middlewares/clerkProxyMiddleware.ts	parsing-error	0	0	1	0	1	0	1
.local/skills/mockup-sandbox/templates/ds-entry/App.tsx	parsing-error	0	0	1	0	1	0	1
.local/skills/mockup-sandbox/templates/ds-entry/main.tsx	parsing-error	0	0	1	0	1	0	1
.local/skills/shopify/files/shopify-admin-api.mjs	parsing-error	0	0	1	0	1	0	1
.local/skills/shopify/files/shopifyStorefrontClient.ts	parsing-error	0	0	1	0	1	0	1
.local/skills/whop/references/whop-api.mjs	parsing-error	0	0	1	0	1	0	1
.local/skills/whop/references/whop-client.ts	parsing-error	0	0	1	0	1	0	1
.local/skills/whop/references/whop-mcp.mjs	parsing-error	0	0	1	0	1	0	1
.local/tmp/smoke-p0.mjs	parsing-error	0	0	1	0	1	0	1
.local/tmp/validate-bug001.mjs	parsing-error	0	0	1	0	1	0	1
.local/tmp/validate-bug002-005.mjs	parsing-error	0	0	1	0	1	0	1
.local/tmp/validate-dev.mjs	parsing-error	0	0	1	0	1	0	1
.local/tmp/validate-prod-csp.mjs	parsing-error	0	0	1	0	1	0	1
.local/vg-validate.mjs	parsing-error	0	0	1	0	1	0	1
artifacts/awesome-video-design-system/dist/assets/index-BcKuqnPM.js	parsing-error	0	0	1	0	1	0	1
artifacts/awesome-video-design-system/src/canonical/CanonicalDocs.tsx	@typescript-eslint/ban-ts-comment	1	0	1	0	0	0	0
artifacts/awesome-video-design-system/src/canonical/CanonicalDocs.tsx	@typescript-eslint/no-unsafe-argument	1	0	1	0	0	0	0
artifacts/awesome-video-design-system/src/canonical/CanonicalDocs.tsx	@typescript-eslint/no-unsafe-assignment	1	0	1	0	0	0	0
artifacts/awesome-video-design-system/src/canonical/CanonicalDocs.tsx	@typescript-eslint/no-unsafe-call	1	0	1	0	0	0	0
artifacts/awesome-video-design-system/src/canonical/CanonicalDocs.tsx	@typescript-eslint/no-unsafe-return	1	0	1	0	0	0	0
artifacts/awesome-video-design-system/src/canonical/CanonicalDocs.tsx	@typescript-eslint/prefer-nullish-coalescing	3	0	3	0	0	0	0
artifacts/awesome-video-design-system/src/canonical/CanonicalShowcase.tsx	@typescript-eslint/ban-ts-comment	1	0	1	0	0	0	0
artifacts/awesome-video-design-system/src/canonical/CanonicalShowcase.tsx	@typescript-eslint/no-unsafe-argument	1	0	1	0	0	0	0
artifacts/awesome-video-design-system/src/canonical/CanonicalShowcase.tsx	@typescript-eslint/no-unsafe-assignment	142	0	142	0	0	0	0
artifacts/awesome-video-design-system/src/canonical/CanonicalShowcase.tsx	@typescript-eslint/no-unsafe-call	11	0	11	0	0	0	0
artifacts/awesome-video-design-system/src/canonical/CanonicalShowcase.tsx	@typescript-eslint/no-unsafe-member-access	117	0	117	0	0	0	0
artifacts/awesome-video-design-system/src/canonical/CanonicalShowcase.tsx	@typescript-eslint/no-unsafe-return	3	0	3	0	0	0	0
artifacts/awesome-video-design-system/src/canonical/CanonicalShowcase.tsx	@typescript-eslint/no-unused-vars	6	0	6	0	0	0	0
artifacts/awesome-video-design-system/src/canonical/CanonicalShowcase.tsx	@typescript-eslint/prefer-nullish-coalescing	6	0	6	0	0	0	0
artifacts/awesome-video-design-system/src/canonical/DocsContent.tsx	@typescript-eslint/ban-ts-comment	1	0	1	0	0	0	0
artifacts/awesome-video-design-system/src/canonical/DocsContent.tsx	@typescript-eslint/no-unsafe-assignment	9	0	9	0	0	0	0
artifacts/awesome-video-design-system/src/canonical/DocsContent.tsx	@typescript-eslint/no-unsafe-call	4	0	4	0	0	0	0
artifacts/awesome-video-design-system/src/canonical/DocsContent.tsx	@typescript-eslint/no-unsafe-member-access	8	0	8	0	0	0	0
artifacts/awesome-video-design-system/src/canonical/DocsContent.tsx	@typescript-eslint/no-unused-vars	1	0	1	0	0	0	0
artifacts/awesome-video-design-system/src/canonical/DocsContent.tsx	@typescript-eslint/prefer-nullish-coalescing	2	0	2	0	0	0	0
artifacts/awesome-video-design-system/src/canonical/useShowcaseTheme.ts	@typescript-eslint/consistent-type-definitions	1	0	1	0	0	0	0
artifacts/awesome-video-design-system/src/canonical/useShowcaseTheme.ts	@typescript-eslint/prefer-nullish-coalescing	1	0	1	0	0	0	0
artifacts/awesome-video-design-system/vite.config.ts	@typescript-eslint/prefer-nullish-coalescing	2	0	2	0	0	0	0
artifacts/mockup-sandbox/mockupPreviewPlugin.ts	@typescript-eslint/array-type	2	0	0	0	-2	0	-2
artifacts/mockup-sandbox/mockupPreviewPlugin.ts	@typescript-eslint/no-redundant-type-constituents	1	0	0	0	-1	0	-1
artifacts/mockup-sandbox/mockupPreviewPlugin.ts	@typescript-eslint/no-unsafe-argument	3	0	0	0	-3	0	-3
artifacts/mockup-sandbox/mockupPreviewPlugin.ts	@typescript-eslint/no-unsafe-assignment	1	0	0	0	-1	0	-1
artifacts/mockup-sandbox/mockupPreviewPlugin.ts	@typescript-eslint/no-unsafe-call	4	0	0	0	-4	0	-4
artifacts/mockup-sandbox/mockupPreviewPlugin.ts	@typescript-eslint/no-unsafe-member-access	4	0	0	0	-4	0	-4
artifacts/mockup-sandbox/src/App.tsx	@typescript-eslint/prefer-regexp-exec	1	0	0	0	-1	0	-1
artifacts/mockup-sandbox/src/components/mockups/brand-kit/ColorType.tsx	@typescript-eslint/no-explicit-any	2	0	0	0	-2	0	-2
artifacts/mockup-sandbox/src/components/mockups/brand-kit/ColorType.tsx	@typescript-eslint/no-unsafe-assignment	3	0	0	0	-3	0	-3
artifacts/mockup-sandbox/src/components/mockups/brand-kit/ColorType.tsx	@typescript-eslint/no-unused-vars	1	0	0	0	-1	0	-1
artifacts/mockup-sandbox/src/components/mockups/brand-kit/ColorType.tsx	@typescript-eslint/prefer-nullish-coalescing	1	0	0	0	-1	0	-1
artifacts/mockup-sandbox/src/components/mockups/brand-kit/LogoSystem.tsx	@typescript-eslint/no-explicit-any	1	0	0	0	-1	0	-1
artifacts/mockup-sandbox/src/components/ui/calendar.tsx	@typescript-eslint/no-unsafe-argument	30	0	0	0	-30	0	-30
artifacts/mockup-sandbox/src/components/ui/calendar.tsx	@typescript-eslint/no-unsafe-assignment	8	0	0	0	-8	0	-8
artifacts/mockup-sandbox/src/components/ui/calendar.tsx	@typescript-eslint/no-unsafe-call	4	0	0	0	-4	0	-4
artifacts/mockup-sandbox/src/components/ui/calendar.tsx	@typescript-eslint/no-unsafe-member-access	36	0	0	0	-36	0	-36
artifacts/mockup-sandbox/src/components/ui/calendar.tsx	@typescript-eslint/no-unsafe-return	1	0	0	0	-1	0	-1
artifacts/mockup-sandbox/src/components/ui/carousel.tsx	@typescript-eslint/consistent-type-definitions	1	0	0	0	-1	0	-1
artifacts/mockup-sandbox/src/components/ui/chart.tsx	@typescript-eslint/consistent-indexed-object-style	1	0	0	0	-1	0	-1
artifacts/mockup-sandbox/src/components/ui/chart.tsx	@typescript-eslint/consistent-type-definitions	1	0	0	0	-1	0	-1
artifacts/mockup-sandbox/src/components/ui/chart.tsx	@typescript-eslint/no-unnecessary-type-assertion	4	0	0	0	-4	0	-4
artifacts/mockup-sandbox/src/components/ui/chart.tsx	@typescript-eslint/no-unsafe-argument	1	0	0	0	-1	0	-1
artifacts/mockup-sandbox/src/components/ui/chart.tsx	@typescript-eslint/no-unsafe-assignment	4	0	0	0	-4	0	-4
artifacts/mockup-sandbox/src/components/ui/chart.tsx	@typescript-eslint/no-unsafe-member-access	1	0	0	0	-1	0	-1
artifacts/mockup-sandbox/src/components/ui/chart.tsx	@typescript-eslint/prefer-nullish-coalescing	15	0	0	0	-15	0	-15
artifacts/mockup-sandbox/src/components/ui/chart.tsx	@typescript-eslint/restrict-template-expressions	1	0	0	0	-1	0	-1
artifacts/mockup-sandbox/src/components/ui/field.tsx	@typescript-eslint/array-type	1	0	0	0	-1	0	-1
artifacts/mockup-sandbox/src/components/ui/form.tsx	@typescript-eslint/consistent-type-definitions	2	0	0	0	-2	0	-2
artifacts/mockup-sandbox/src/components/ui/progress.tsx	@typescript-eslint/prefer-nullish-coalescing	1	0	0	0	-1	0	-1
artifacts/mockup-sandbox/src/components/ui/sidebar.tsx	@typescript-eslint/consistent-type-definitions	1	0	0	0	-1	0	-1
artifacts/mockup-sandbox/src/components/ui/sonner.tsx	@typescript-eslint/no-unsafe-assignment	1	0	0	0	-1	0	-1
artifacts/mockup-sandbox/src/components/ui/toggle-group.tsx	@typescript-eslint/prefer-nullish-coalescing	2	0	0	0	-2	0	-2
artifacts/mockup-sandbox/src/hooks/use-toast.ts	@typescript-eslint/array-type	1	0	0	0	-1	0	-1
artifacts/mockup-sandbox/src/hooks/use-toast.ts	@typescript-eslint/no-unused-vars	1	0	0	0	-1	0	-1
awesome-list-site-ds/data.js	parsing-error	1	0	1	0	0	0	0
brand/tokens/tailwind.brand.js	parsing-error	1	0	1	0	0	0	0
client/env.d.ts	parsing-error	1	0	1	0	0	0	0
client/src/App.tsx	@typescript-eslint/consistent-type-definitions	0	0	1	0	1	0	1
client/src/App.tsx	@typescript-eslint/no-misused-promises	4	0	4	0	0	0	0
client/src/App.tsx	@typescript-eslint/no-unsafe-argument	1	0	1	0	0	0	0
client/src/App.tsx	@typescript-eslint/no-unsafe-assignment	3	0	3	0	0	0	0
client/src/App.tsx	@typescript-eslint/no-unsafe-member-access	1	0	1	0	0	0	0
client/src/App.tsx	@typescript-eslint/no-unused-vars	2	0	1	0	-1	0	-1
client/src/App.tsx	@typescript-eslint/prefer-nullish-coalescing	2	0	2	0	0	0	0
client/src/App.tsx	@typescript-eslint/prefer-optional-chain	2	0	2	0	0	0	0
client/src/App.tsx	react/no-unescaped-entities	1	0	1	0	0	0	0
client/src/components/admin/AgentCommsGraph.tsx	@typescript-eslint/prefer-nullish-coalescing	2	0	2	0	0	0	0
client/src/components/admin/AgentEventLog.tsx	@typescript-eslint/no-base-to-string	1	0	1	0	0	0	0
client/src/components/admin/AgentEventLog.tsx	@typescript-eslint/no-explicit-any	10	0	10	0	0	0	0
client/src/components/admin/AgentEventLog.tsx	@typescript-eslint/no-unsafe-member-access	10	0	10	0	0	0	0
client/src/components/admin/AgentEventLog.tsx	@typescript-eslint/prefer-nullish-coalescing	2	0	2	0	0	0	0
client/src/components/admin/AuditTab.tsx	@typescript-eslint/no-explicit-any	1	0	1	0	0	0	0
client/src/components/admin/AuditTab.tsx	@typescript-eslint/no-misused-promises	2	0	2	0	0	0	0
client/src/components/admin/AuditTab.tsx	@typescript-eslint/no-unsafe-assignment	1	0	1	0	0	0	0
client/src/components/admin/AuditTab.tsx	@typescript-eslint/no-unsafe-return	1	0	1	0	0	0	0
client/src/components/admin/AuditTab.tsx	@typescript-eslint/prefer-nullish-coalescing	3	0	3	0	0	0	0
client/src/components/admin/AuditTab.tsx	react/no-unescaped-entities	1	0	1	0	0	0	0
client/src/components/admin/BatchEnrichmentPanel.tsx	@typescript-eslint/no-floating-promises	2	0	2	0	0	0	0
client/src/components/admin/BatchEnrichmentPanel.tsx	@typescript-eslint/no-unsafe-return	3	0	3	0	0	0	0
client/src/components/admin/BatchEnrichmentPanel.tsx	@typescript-eslint/prefer-nullish-coalescing	33	0	33	0	0	0	0
client/src/components/admin/BatchEnrichmentPanel.tsx	react/no-unescaped-entities	4	0	4	0	0	0	0
client/src/components/admin/configs/subcategory-config.ts	@typescript-eslint/no-unused-vars	1	0	1	0	0	0	0
client/src/components/admin/configs/subsubcategory-config.ts	@typescript-eslint/prefer-nullish-coalescing	2	0	2	0	0	0	0
client/src/components/admin/GenericCrudManager.tsx	@typescript-eslint/array-type	4	0	4	0	0	0	0
client/src/components/admin/GenericCrudManager.tsx	@typescript-eslint/consistent-indexed-object-style	1	0	1	0	0	0	0
client/src/components/admin/GenericCrudManager.tsx	@typescript-eslint/no-explicit-any	22	0	22	0	0	0	0
client/src/components/admin/GenericCrudManager.tsx	@typescript-eslint/no-floating-promises	22	0	22	0	0	0	0
client/src/components/admin/GenericCrudManager.tsx	@typescript-eslint/no-misused-promises	5	0	5	0	0	0	0
client/src/components/admin/GenericCrudManager.tsx	@typescript-eslint/no-unnecessary-type-assertion	5	0	5	0	0	0	0
client/src/components/admin/GenericCrudManager.tsx	@typescript-eslint/no-unsafe-argument	7	0	7	0	0	0	0
client/src/components/admin/GenericCrudManager.tsx	@typescript-eslint/no-unsafe-assignment	17	0	17	0	0	0	0
client/src/components/admin/GenericCrudManager.tsx	@typescript-eslint/no-unsafe-call	4	0	4	0	0	0	0
client/src/components/admin/GenericCrudManager.tsx	@typescript-eslint/no-unsafe-member-access	16	0	16	0	0	0	0
client/src/components/admin/GenericCrudManager.tsx	@typescript-eslint/no-unsafe-return	7	0	7	0	0	0	0
client/src/components/admin/GenericCrudManager.tsx	@typescript-eslint/no-unused-vars	6	0	6	0	0	0	0
client/src/components/admin/GenericCrudManager.tsx	@typescript-eslint/prefer-nullish-coalescing	43	0	43	0	0	0	0
client/src/components/admin/GenericCrudManager.tsx	@typescript-eslint/prefer-optional-chain	2	0	2	0	0	0	0
client/src/components/admin/GenericCrudManager.tsx	react-hooks/exhaustive-deps	0	2	0	2	0	0	0
client/src/components/admin/GenericCrudManager.tsx	react-hooks/rules-of-hooks	1	0	1	0	0	0	0
client/src/components/admin/GenericCrudManager.tsx	react/no-unescaped-entities	4	0	4	0	0	0	0
client/src/components/admin/GitHubSyncPanel.tsx	@typescript-eslint/no-floating-promises	4	0	4	0	0	0	0
client/src/components/admin/GitHubSyncPanel.tsx	@typescript-eslint/no-unsafe-return	2	0	2	0	0	0	0
client/src/components/admin/GitHubSyncPanel.tsx	@typescript-eslint/prefer-nullish-coalescing	5	0	5	0	0	0	0
client/src/components/admin/GitHubSyncPanel.tsx	react-hooks/exhaustive-deps	0	1	0	1	0	0	0
client/src/components/admin/JourneyStepsManager.tsx	@typescript-eslint/no-floating-promises	4	0	4	0	0	0	0
client/src/components/admin/JourneyStepsManager.tsx	@typescript-eslint/no-unsafe-assignment	4	0	4	0	0	0	0
client/src/components/admin/JourneyStepsManager.tsx	@typescript-eslint/no-unsafe-member-access	3	0	3	0	0	0	0
client/src/components/admin/JourneyStepsManager.tsx	@typescript-eslint/no-unsafe-return	6	0	6	0	0	0	0
client/src/components/admin/JourneyStepsManager.tsx	react/no-unescaped-entities	7	0	7	0	0	0	0
client/src/components/admin/LinkHealthDashboard.tsx	@typescript-eslint/prefer-nullish-coalescing	8	0	8	0	0	0	0
client/src/components/admin/PendingEdits.tsx	@typescript-eslint/no-floating-promises	5	0	5	0	0	0	0
client/src/components/admin/PendingEdits.tsx	@typescript-eslint/no-unnecessary-type-assertion	3	0	3	0	0	0	0
client/src/components/admin/PendingEdits.tsx	@typescript-eslint/no-unsafe-assignment	1	0	1	0	0	0	0
client/src/components/admin/PendingEdits.tsx	@typescript-eslint/no-unsafe-return	2	0	2	0	0	0	0
client/src/components/admin/PendingEdits.tsx	@typescript-eslint/prefer-nullish-coalescing	2	0	2	0	0	0	0
client/src/components/admin/PendingEdits.tsx	no-control-regex	1	0	1	0	0	0	0
client/src/components/admin/PendingEdits.tsx	no-misleading-character-class	3	0	3	0	0	0	0
client/src/components/admin/PendingEdits.tsx	react/no-unescaped-entities	2	0	2	0	0	0	0
client/src/components/admin/PendingResources.tsx	@typescript-eslint/no-explicit-any	1	0	1	0	0	0	0
client/src/components/admin/PendingResources.tsx	@typescript-eslint/no-unnecessary-type-assertion	2	0	2	0	0	0	0
client/src/components/admin/PendingResources.tsx	@typescript-eslint/no-unsafe-assignment	3	0	3	0	0	0	0
client/src/components/admin/PendingResources.tsx	@typescript-eslint/no-unsafe-member-access	2	0	2	0	0	0	0
client/src/components/admin/ResearcherTab.tsx	@typescript-eslint/array-type	2	0	2	0	0	0	0
client/src/components/admin/ResearcherTab.tsx	@typescript-eslint/no-explicit-any	10	0	10	0	0	0	0
client/src/components/admin/ResearcherTab.tsx	@typescript-eslint/no-floating-promises	9	0	9	0	0	0	0
client/src/components/admin/ResearcherTab.tsx	@typescript-eslint/no-unnecessary-type-assertion	1	0	1	0	0	0	0
client/src/components/admin/ResearcherTab.tsx	@typescript-eslint/no-unsafe-argument	2	0	2	0	0	0	0
client/src/components/admin/ResearcherTab.tsx	@typescript-eslint/no-unsafe-assignment	4	0	4	0	0	0	0
client/src/components/admin/ResearcherTab.tsx	@typescript-eslint/no-unsafe-call	3	0	3	0	0	0	0
client/src/components/admin/ResearcherTab.tsx	@typescript-eslint/no-unsafe-member-access	23	0	23	0	0	0	0
client/src/components/admin/ResearcherTab.tsx	@typescript-eslint/no-unsafe-return	10	0	10	0	0	0	0
client/src/components/admin/ResearcherTab.tsx	@typescript-eslint/prefer-nullish-coalescing	35	0	35	0	0	0	0
client/src/components/admin/ResearcherTab.tsx	react-hooks/exhaustive-deps	0	1	0	1	0	0	0
client/src/components/admin/ResearcherTab.tsx	react/no-unescaped-entities	3	0	3	0	0	0	0
client/src/components/admin/ResourceManager.tsx	@typescript-eslint/no-explicit-any	3	0	3	0	0	0	0
client/src/components/admin/ResourceManager.tsx	@typescript-eslint/no-floating-promises	30	0	30	0	0	0	0
client/src/components/admin/ResourceManager.tsx	@typescript-eslint/no-misused-promises	1	0	1	0	0	0	0
client/src/components/admin/ResourceManager.tsx	@typescript-eslint/no-unnecessary-type-assertion	1	0	1	0	0	0	0
client/src/components/admin/ResourceManager.tsx	@typescript-eslint/no-unsafe-assignment	4	0	4	0	0	0	0
client/src/components/admin/ResourceManager.tsx	@typescript-eslint/no-unsafe-member-access	3	0	3	0	0	0	0
client/src/components/admin/ResourceManager.tsx	@typescript-eslint/no-unsafe-return	6	0	6	0	0	0	0
client/src/components/admin/ResourceManager.tsx	@typescript-eslint/no-unused-vars	1	0	1	0	0	0	0
client/src/components/admin/ResourceManager.tsx	@typescript-eslint/prefer-nullish-coalescing	17	0	17	0	0	0	0
client/src/components/admin/ResourceManager.tsx	react/no-unescaped-entities	2	0	2	0	0	0	0
client/src/components/admin/types/validation.ts	@typescript-eslint/array-type	3	0	3	0	0	0	0
client/src/components/admin/types/validation.ts	@typescript-eslint/consistent-indexed-object-style	1	0	1	0	0	0	0
client/src/components/admin/UsersTab.tsx	@typescript-eslint/no-floating-promises	2	0	2	0	0	0	0
client/src/components/admin/UsersTab.tsx	@typescript-eslint/no-unsafe-assignment	1	0	1	0	0	0	0
client/src/components/admin/UsersTab.tsx	@typescript-eslint/no-unsafe-return	3	0	3	0	0	0	0
client/src/components/admin/UsersTab.tsx	@typescript-eslint/prefer-nullish-coalescing	11	0	11	0	0	0	0
client/src/components/auth/AdminGuard.tsx	react/no-unescaped-entities	3	0	3	0	0	0	0
client/src/components/auth/AuthConversionTracker.tsx	@typescript-eslint/consistent-type-definitions	1	0	1	0	0	0	0
client/src/components/auth/GuestBookmarkMerge.tsx	@typescript-eslint/array-type	1	0	1	0	0	0	0
client/src/components/auth/GuestBookmarkMerge.tsx	@typescript-eslint/no-floating-promises	1	0	1	0	0	0	0
client/src/components/home/use-home-layout.ts	@typescript-eslint/prefer-optional-chain	1	0	1	0	0	0	0
client/src/components/layout/new/AppSidebar.tsx	@typescript-eslint/array-type	2	0	2	0	0	0	0
client/src/components/layout/new/AppSidebar.tsx	@typescript-eslint/no-base-to-string	1	0	1	0	0	0	0
client/src/components/layout/new/AppSidebar.tsx	@typescript-eslint/no-explicit-any	6	0	6	0	0	0	0
client/src/components/layout/new/AppSidebar.tsx	@typescript-eslint/no-unsafe-argument	1	0	1	0	0	0	0
client/src/components/layout/new/AppSidebar.tsx	@typescript-eslint/no-unsafe-assignment	2	0	2	0	0	0	0
client/src/components/layout/new/AppSidebar.tsx	@typescript-eslint/no-unsafe-call	2	0	2	0	0	0	0
client/src/components/layout/new/AppSidebar.tsx	@typescript-eslint/no-unsafe-member-access	10	0	10	0	0	0	0
client/src/components/layout/new/AppSidebar.tsx	@typescript-eslint/no-unsafe-return	1	0	1	0	0	0	0
client/src/components/layout/new/AppSidebar.tsx	@typescript-eslint/prefer-nullish-coalescing	18	0	18	0	0	0	0
client/src/components/layout/new/AppSidebar.tsx	react/no-unescaped-entities	1	0	1	0	0	0	0
client/src/components/layout/new/AppSidebar.tsx	unused-eslint-disable-directive	0	1	0	1	0	0	0
client/src/components/layout/new/ResourceBreadcrumbAncestorDisclosure.tsx	@typescript-eslint/no-unsafe-return	1	0	1	0	0	0	0
client/src/components/layout/SEOHead.tsx	@typescript-eslint/no-unsafe-assignment	6	0	6	0	0	0	0
client/src/components/layout/SEOHead.tsx	@typescript-eslint/no-unsafe-call	1	0	1	0	0	0	0
client/src/components/layout/SEOHead.tsx	@typescript-eslint/no-unsafe-member-access	1	0	1	0	0	0	0
client/src/components/layout/SEOHead.tsx	@typescript-eslint/prefer-nullish-coalescing	6	0	6	0	0	0	0
client/src/components/layout/SEOHead.tsx	@typescript-eslint/prefer-regexp-exec	1	0	1	0	0	0	0
client/src/components/layout/SEOHead.tsx	@typescript-eslint/prefer-string-starts-ends-with	1	0	1	0	0	0	0
client/src/components/layout/SEOHead.tsx	no-useless-escape	3	0	3	0	0	0	0
client/src/components/learning/ContinueLearningPreview.tsx	@typescript-eslint/no-misused-promises	1	0	1	0	0	0	0
client/src/components/learning/ContinueLearningPreview.tsx	@typescript-eslint/prefer-nullish-coalescing	1	0	1	0	0	0	0
client/src/components/learning/ContinueLearningPreview.tsx	react/jsx-no-comment-textnodes	1	0	1	0	0	0	0
client/src/components/learning/ContinueLearningPreview.tsx	react/no-unescaped-entities	1	0	1	0	0	0	0
client/src/components/profile/AccountSecurityCard.tsx	react/no-unescaped-entities	1	0	1	0	0	0	0
client/src/components/resource/BookmarkButton.tsx	@typescript-eslint/array-type	1	0	1	0	0	0	0
client/src/components/resource/BookmarkButton.tsx	@typescript-eslint/no-floating-promises	4	0	4	0	0	0	0
client/src/components/resource/BookmarkButton.tsx	@typescript-eslint/no-misused-promises	1	0	1	0	0	0	0
client/src/components/resource/BookmarkButton.tsx	@typescript-eslint/no-unsafe-argument	2	0	2	0	0	0	0
client/src/components/resource/BookmarkButton.tsx	@typescript-eslint/no-unsafe-member-access	4	0	4	0	0	0	0
client/src/components/resource/FavoriteButton.tsx	@typescript-eslint/no-unsafe-argument	2	0	2	0	0	0	0
client/src/components/resource/FavoriteButton.tsx	@typescript-eslint/no-unsafe-member-access	4	0	4	0	0	0	0
client/src/components/resource/ResourceCard.tsx	@typescript-eslint/no-unsafe-assignment	3	0	3	0	0	0	0
client/src/components/resource/ResourceCard.tsx	@typescript-eslint/prefer-nullish-coalescing	6	0	6	0	0	0	0
client/src/components/search/SearchFilters.tsx	@typescript-eslint/consistent-type-definitions	3	0	3	0	0	0	0
client/src/components/search/SearchFilters.tsx	@typescript-eslint/no-unnecessary-type-assertion	2	0	2	0	0	0	0
client/src/components/search/SearchFilters.tsx	@typescript-eslint/no-unused-vars	4	0	4	0	0	0	0
client/src/components/search/SearchFilters.tsx	react-refresh/only-export-components	0	1	0	1	0	0	0
client/src/components/ui/badge.tsx	react-refresh/only-export-components	0	1	0	1	0	0	0
client/src/components/ui/button.tsx	react-refresh/only-export-components	0	1	0	1	0	0	0
client/src/components/ui/category-explorer.tsx	@typescript-eslint/no-explicit-any	5	0	5	0	0	0	0
client/src/components/ui/category-explorer.tsx	@typescript-eslint/no-unsafe-argument	2	0	2	0	0	0	0
client/src/components/ui/category-explorer.tsx	@typescript-eslint/no-unsafe-member-access	1	0	1	0	0	0	0
client/src/components/ui/category-explorer.tsx	@typescript-eslint/no-unused-vars	2	0	2	0	0	0	0
client/src/components/ui/category-explorer.tsx	@typescript-eslint/prefer-nullish-coalescing	5	0	5	0	0	0	0
client/src/components/ui/category-explorer.tsx	prefer-const	1	0	1	0	0	0	0
client/src/components/ui/category-explorer.tsx	react/no-unescaped-entities	2	0	2	0	0	0	0
client/src/components/ui/chip-button.tsx	react/prop-types	0	0	2	0	2	0	2
client/src/components/ui/command.tsx	react/no-unknown-property	1	0	1	0	0	0	0
client/src/components/ui/community-metrics.tsx	@typescript-eslint/no-explicit-any	1	0	1	0	0	0	0
client/src/components/ui/community-metrics.tsx	@typescript-eslint/no-unsafe-argument	1	0	1	0	0	0	0
client/src/components/ui/community-metrics.tsx	@typescript-eslint/no-unsafe-assignment	2	0	2	0	0	0	0
client/src/components/ui/community-metrics.tsx	@typescript-eslint/no-unsafe-member-access	2	0	2	0	0	0	0
client/src/components/ui/community-metrics.tsx	@typescript-eslint/no-unused-vars	6	0	6	0	0	0	0
client/src/components/ui/community-metrics.tsx	@typescript-eslint/prefer-nullish-coalescing	2	0	2	0	0	0	0
client/src/components/ui/community-metrics.tsx	react/no-unescaped-entities	1	0	1	0	0	0	0
client/src/components/ui/consent-banner.tsx	react-hooks/exhaustive-deps	0	1	0	1	0	0	0
client/src/components/ui/consent-banner.tsx	react-refresh/only-export-components	0	1	0	1	0	0	0
client/src/components/ui/export-tools.tsx	@typescript-eslint/no-base-to-string	2	0	2	0	0	0	0
client/src/components/ui/export-tools.tsx	@typescript-eslint/no-misused-promises	1	0	1	0	0	0	0
client/src/components/ui/export-tools.tsx	@typescript-eslint/no-unnecessary-type-assertion	2	0	2	0	0	0	0
client/src/components/ui/export-tools.tsx	@typescript-eslint/no-unused-vars	2	0	2	0	0	0	0
client/src/components/ui/form.tsx	@typescript-eslint/consistent-type-definitions	2	0	2	0	0	0	0
client/src/components/ui/form.tsx	react-refresh/only-export-components	0	1	0	1	0	0	0
client/src/components/ui/paginator.tsx	@typescript-eslint/array-type	2	0	2	0	0	0	0
client/src/components/ui/progress.tsx	@typescript-eslint/prefer-nullish-coalescing	1	0	1	0	0	0	0
client/src/components/ui/search-dialog.tsx	@typescript-eslint/no-misused-promises	1	0	1	0	0	0	0
client/src/components/ui/search-dialog.tsx	@typescript-eslint/no-unsafe-assignment	1	0	1	0	0	0	0
client/src/components/ui/search-dialog.tsx	@typescript-eslint/no-unsafe-return	1	0	1	0	0	0	0
client/src/components/ui/search-dialog.tsx	@typescript-eslint/prefer-nullish-coalescing	1	0	1	0	0	0	0
client/src/components/ui/sidebar.tsx	@typescript-eslint/consistent-type-definitions	1	0	1	0	0	0	0
client/src/components/ui/sidebar.tsx	@typescript-eslint/prefer-regexp-exec	1	0	1	0	0	0	0
client/src/components/ui/sidebar.tsx	react-refresh/only-export-components	0	1	0	1	0	0	0
client/src/components/ui/suggest-edit-dialog.tsx	@typescript-eslint/no-explicit-any	1	0	1	0	0	0	0
client/src/components/ui/suggest-edit-dialog.tsx	@typescript-eslint/no-floating-promises	2	0	2	0	0	0	0
client/src/components/ui/suggest-edit-dialog.tsx	@typescript-eslint/no-misused-promises	2	0	2	0	0	0	0
client/src/components/ui/suggest-edit-dialog.tsx	@typescript-eslint/no-unsafe-argument	1	0	1	0	0	0	0
client/src/components/ui/suggest-edit-dialog.tsx	@typescript-eslint/no-unsafe-assignment	2	0	2	0	0	0	0
client/src/components/ui/suggest-edit-dialog.tsx	@typescript-eslint/no-unsafe-member-access	3	0	3	0	0	0	0
client/src/components/ui/suggest-edit-dialog.tsx	@typescript-eslint/no-unsafe-return	1	0	1	0	0	0	0
client/src/components/ui/suggest-edit-dialog.tsx	@typescript-eslint/no-unused-vars	2	0	2	0	0	0	0
client/src/components/ui/suggest-edit-dialog.tsx	@typescript-eslint/prefer-nullish-coalescing	1	0	1	0	0	0	0
client/src/components/ui/suggest-edit-dialog.tsx	react-hooks/exhaustive-deps	0	2	0	2	0	0	0
client/src/components/ui/suggest-edit-dialog.tsx	react/jsx-no-comment-textnodes	2	0	2	0	0	0	0
client/src/components/ui/table.tsx	react/prop-types	2	0	2	0	0	0	0
client/src/components/ui/textarea.tsx	@typescript-eslint/no-empty-object-type	1	0	1	0	0	0	0
client/src/components/ui/theme-provider.tsx	react-refresh/only-export-components	0	1	0	1	0	0	0
client/src/components/ui/toaster.tsx	react/prop-types	1	0	1	0	0	0	0
client/src/components/ui/toggle-group.tsx	@typescript-eslint/prefer-nullish-coalescing	2	0	2	0	0	0	0
client/src/components/ui/toggle.tsx	react-refresh/only-export-components	0	1	0	1	0	0	0
client/src/components/ui/view-mode-toggle.tsx	react-refresh/only-export-components	0	1	0	1	0	0	0
client/src/hooks/use-toast.ts	@typescript-eslint/array-type	1	0	1	0	0	0	0
client/src/hooks/use-toast.ts	@typescript-eslint/no-unused-vars	1	0	1	0	0	0	0
client/src/hooks/use-user-profile.tsx	@typescript-eslint/no-unsafe-argument	1	0	1	0	0	0	0
client/src/hooks/use-user-profile.tsx	@typescript-eslint/no-unsafe-assignment	1	0	1	0	0	0	0
client/src/hooks/useAdmin.ts	@typescript-eslint/no-explicit-any	1	0	1	0	0	0	0
client/src/hooks/useAdmin.ts	@typescript-eslint/no-unsafe-assignment	1	0	1	0	0	0	0
client/src/hooks/useAdmin.ts	@typescript-eslint/no-unsafe-member-access	1	0	1	0	0	0	0
client/src/hooks/useAdmin.ts	@typescript-eslint/no-unsafe-return	1	0	1	0	0	0	0
client/src/hooks/useAuth.ts	@typescript-eslint/no-floating-promises	1	0	1	0	0	0	0
client/src/hooks/useAuth.ts	@typescript-eslint/no-unsafe-argument	1	0	1	0	0	0	0
client/src/hooks/useAuth.ts	@typescript-eslint/no-unsafe-assignment	2	0	2	0	0	0	0
client/src/hooks/useAuth.ts	@typescript-eslint/no-unsafe-member-access	2	0	2	0	0	0	0
client/src/hooks/useAuth.ts	@typescript-eslint/no-unsafe-return	1	0	1	0	0	0	0
client/src/hooks/useAuth.ts	@typescript-eslint/prefer-nullish-coalescing	1	0	1	0	0	0	0
client/src/hooks/useAuth.ts	react-hooks/exhaustive-deps	0	1	0	1	0	0	0
client/src/hooks/useContinueLearning.ts	@typescript-eslint/no-floating-promises	3	0	3	0	0	0	0
client/src/hooks/useResourceToggle.ts	@typescript-eslint/no-explicit-any	4	0	4	0	0	0	0
client/src/hooks/useResourceToggle.ts	@typescript-eslint/no-floating-promises	3	0	3	0	0	0	0
client/src/hooks/useResourceToggle.ts	@typescript-eslint/no-unnecessary-type-assertion	1	0	1	0	0	0	0
client/src/hooks/useResourceToggle.ts	@typescript-eslint/no-unsafe-argument	1	0	1	0	0	0	0
client/src/hooks/useResourceToggle.ts	@typescript-eslint/no-unsafe-assignment	1	0	1	0	0	0	0
client/src/hooks/useResourceToggle.ts	@typescript-eslint/no-unsafe-member-access	1	0	1	0	0	0	0
client/src/hooks/useResourceToggle.ts	@typescript-eslint/no-unsafe-return	1	0	1	0	0	0	0
client/src/lib/acquisition.ts	@typescript-eslint/no-unnecessary-type-assertion	2	0	2	0	0	0	0
client/src/lib/amplitude.ts	@typescript-eslint/consistent-type-definitions	1	0	1	0	0	0	0
client/src/lib/amplitude.ts	@typescript-eslint/no-empty-function	1	0	1	0	0	0	0
client/src/lib/amplitude.ts	@typescript-eslint/no-unnecessary-type-assertion	1	0	1	0	0	0	0
client/src/lib/amplitude.ts	@typescript-eslint/no-unsafe-argument	1	0	1	0	0	0	0
client/src/lib/amplitude.ts	@typescript-eslint/no-unsafe-assignment	1	0	1	0	0	0	0
client/src/lib/analytics.ts	@typescript-eslint/array-type	2	0	2	0	0	0	0
client/src/lib/analytics.ts	@typescript-eslint/consistent-type-definitions	1	0	1	0	0	0	0
client/src/lib/analytics.ts	@typescript-eslint/no-unused-vars	1	0	1	0	0	0	0
client/src/lib/apiError.ts	@typescript-eslint/no-explicit-any	7	0	7	0	0	0	0
client/src/lib/apiError.ts	@typescript-eslint/no-unsafe-argument	2	0	2	0	0	0	0
client/src/lib/apiError.ts	@typescript-eslint/no-unsafe-member-access	7	0	7	0	0	0	0
client/src/lib/apiError.ts	@typescript-eslint/prefer-regexp-exec	2	0	2	0	0	0	0
client/src/lib/authUtils.ts	@typescript-eslint/prefer-nullish-coalescing	1	0	1	0	0	0	0
client/src/lib/clerk-appearance.ts	@typescript-eslint/consistent-type-definitions	1	0	1	0	0	0	0
client/src/lib/font-options.ts	@typescript-eslint/consistent-type-definitions	1	0	1	0	0	0	0
client/src/lib/guestBookmarks.ts	@typescript-eslint/array-type	1	0	1	0	0	0	0
client/src/lib/guestBookmarks.ts	@typescript-eslint/consistent-generic-constructors	1	0	1	0	0	0	0
client/src/lib/guestBookmarks.ts	@typescript-eslint/no-empty-function	1	0	1	0	0	0	0
client/src/lib/guestBookmarks.ts	@typescript-eslint/prefer-nullish-coalescing	2	0	2	0	0	0	0
client/src/lib/home-boot.tsx	react-refresh/only-export-components	0	1	0	1	0	0	0
client/src/lib/mixpanel.ts	@typescript-eslint/array-type	1	0	1	0	0	0	0
client/src/lib/mixpanel.ts	@typescript-eslint/consistent-type-definitions	1	0	1	0	0	0	0
client/src/lib/mixpanel.ts	@typescript-eslint/no-unsafe-assignment	1	0	1	0	0	0	0
client/src/lib/parser.ts	@typescript-eslint/no-unnecessary-type-assertion	2	0	2	0	0	0	0
client/src/lib/parser.ts	@typescript-eslint/no-unused-vars	1	0	1	0	0	0	0
client/src/lib/parser.ts	@typescript-eslint/prefer-nullish-coalescing	12	0	12	0	0	0	0
client/src/lib/posthog.ts	@typescript-eslint/array-type	1	0	1	0	0	0	0
client/src/lib/posthog.ts	@typescript-eslint/consistent-type-definitions	1	0	1	0	0	0	0
client/src/lib/queryClient.ts	@typescript-eslint/no-explicit-any	1	0	1	0	0	0	0
client/src/lib/queryClient.ts	@typescript-eslint/no-unsafe-assignment	1	0	1	0	0	0	0
client/src/lib/queryClient.ts	@typescript-eslint/no-unsafe-return	1	0	1	0	0	0	0
client/src/lib/queryClient.ts	@typescript-eslint/prefer-nullish-coalescing	1	0	1	0	0	0	0
client/src/lib/queryClient.ts	@typescript-eslint/prefer-optional-chain	1	0	1	0	0	0	0
client/src/lib/safeStorage.ts	no-empty	2	0	2	0	0	0	0
client/src/lib/static-data.ts	@typescript-eslint/array-type	3	0	3	0	0	0	0
client/src/lib/static-data.ts	@typescript-eslint/no-explicit-any	11	0	11	0	0	0	0
client/src/lib/static-data.ts	@typescript-eslint/no-unsafe-assignment	5	0	5	0	0	0	0
client/src/lib/static-data.ts	@typescript-eslint/no-unsafe-call	1	0	1	0	0	0	0
client/src/lib/static-data.ts	@typescript-eslint/no-unsafe-member-access	14	0	14	0	0	0	0
client/src/lib/static-data.ts	@typescript-eslint/no-unsafe-return	4	0	4	0	0	0	0
client/src/lib/static-data.ts	@typescript-eslint/no-unused-vars	1	0	1	0	0	0	0
client/src/lib/static-data.ts	@typescript-eslint/prefer-nullish-coalescing	1	0	1	0	0	0	0
client/src/main.tsx	@typescript-eslint/no-unnecessary-type-assertion	2	0	0	0	-2	0	-2
client/src/pages/Bookmarks.tsx	@typescript-eslint/consistent-type-definitions	1	0	1	0	0	0	0
client/src/pages/Bookmarks.tsx	@typescript-eslint/no-explicit-any	3	0	3	0	0	0	0
client/src/pages/Bookmarks.tsx	@typescript-eslint/no-misused-promises	1	0	1	0	0	0	0
client/src/pages/Bookmarks.tsx	@typescript-eslint/no-unsafe-member-access	5	0	5	0	0	0	0
client/src/pages/Bookmarks.tsx	@typescript-eslint/prefer-regexp-exec	1	0	1	0	0	0	0
client/src/pages/Bookmarks.tsx	react/jsx-no-comment-textnodes	1	0	1	0	0	0	0
client/src/pages/Bookmarks.tsx	react/no-unescaped-entities	1	0	1	0	0	0	0
client/src/pages/Categories.tsx	@typescript-eslint/prefer-nullish-coalescing	1	0	1	0	0	0	0
client/src/pages/Categories.tsx	react/no-unescaped-entities	1	0	1	0	0	0	0
client/src/pages/CodeOfConduct.tsx	react/no-unescaped-entities	4	0	4	0	0	0	0
client/src/pages/ContinueLearning.tsx	@typescript-eslint/no-misused-promises	1	0	1	0	0	0	0
client/src/pages/ContinueLearning.tsx	@typescript-eslint/prefer-nullish-coalescing	2	0	2	0	0	0	0
client/src/pages/ContinueLearning.tsx	react/jsx-no-comment-textnodes	5	0	5	0	0	0	0
client/src/pages/ContinueLearning.tsx	react/no-unescaped-entities	3	0	3	0	0	0	0
client/src/pages/Contributions.tsx	@typescript-eslint/array-type	2	0	2	0	0	0	0
client/src/pages/Contributions.tsx	@typescript-eslint/no-misused-promises	1	0	1	0	0	0	0
client/src/pages/Contributions.tsx	@typescript-eslint/no-unnecessary-type-assertion	1	0	1	0	0	0	0
client/src/pages/Contributions.tsx	react/jsx-no-comment-textnodes	1	0	1	0	0	0	0
client/src/pages/Contributions.tsx	react/no-unescaped-entities	2	0	2	0	0	0	0
client/src/pages/DesignSystemShowcase.tsx	@typescript-eslint/no-explicit-any	1	0	1	0	0	0	0
client/src/pages/ErrorPage.tsx	@typescript-eslint/no-redundant-type-constituents	1	0	1	0	0	0	0
client/src/pages/GuestBookmarks.tsx	@typescript-eslint/no-floating-promises	1	0	1	0	0	0	0
client/src/pages/GuestBookmarks.tsx	react/no-unescaped-entities	2	0	2	0	0	0	0
client/src/pages/JourneyDetail.tsx	@typescript-eslint/array-type	1	0	1	0	0	0	0
client/src/pages/JourneyDetail.tsx	@typescript-eslint/no-floating-promises	8	0	8	0	0	0	0
client/src/pages/JourneyDetail.tsx	@typescript-eslint/no-unsafe-return	3	0	3	0	0	0	0
client/src/pages/JourneyDetail.tsx	@typescript-eslint/no-unused-vars	1	0	1	0	0	0	0
client/src/pages/JourneyDetail.tsx	@typescript-eslint/prefer-nullish-coalescing	2	0	2	0	0	0	0
client/src/pages/JourneyDetail.tsx	react-hooks/exhaustive-deps	0	1	0	1	0	0	0
client/src/pages/JourneyDetail.tsx	react/no-unescaped-entities	4	0	4	0	0	0	0
client/src/pages/Journeys.tsx	@typescript-eslint/no-floating-promises	4	0	4	0	0	0	0
client/src/pages/Journeys.tsx	@typescript-eslint/prefer-nullish-coalescing	5	0	5	0	0	0	0
client/src/pages/not-found.tsx	@typescript-eslint/no-unsafe-assignment	1	0	1	0	0	0	0
client/src/pages/not-found.tsx	@typescript-eslint/no-unsafe-call	1	0	1	0	0	0	0
client/src/pages/not-found.tsx	@typescript-eslint/no-unsafe-member-access	1	0	1	0	0	0	0
client/src/pages/not-found.tsx	@typescript-eslint/prefer-nullish-coalescing	1	0	1	0	0	0	0
client/src/pages/not-found.tsx	react/no-unescaped-entities	3	0	3	0	0	0	0
client/src/pages/Notifications.tsx	@typescript-eslint/consistent-type-definitions	2	0	2	0	0	0	0
client/src/pages/Onboarding.tsx	@typescript-eslint/no-unsafe-assignment	4	0	4	0	0	0	0
client/src/pages/Onboarding.tsx	@typescript-eslint/no-unsafe-member-access	4	0	4	0	0	0	0
client/src/pages/Privacy.tsx	react/no-unescaped-entities	7	0	7	0	0	0	0
client/src/pages/Profile.tsx	@typescript-eslint/no-explicit-any	4	0	4	0	0	0	0
client/src/pages/Profile.tsx	@typescript-eslint/no-floating-promises	3	0	3	0	0	0	0
client/src/pages/Profile.tsx	@typescript-eslint/no-misused-promises	1	0	1	0	0	0	0
client/src/pages/Profile.tsx	@typescript-eslint/no-unsafe-argument	5	0	5	0	0	0	0
client/src/pages/Profile.tsx	@typescript-eslint/no-unsafe-assignment	6	0	6	0	0	0	0
client/src/pages/Profile.tsx	@typescript-eslint/no-unsafe-call	8	0	8	0	0	0	0
client/src/pages/Profile.tsx	@typescript-eslint/no-unsafe-member-access	22	0	22	0	0	0	0
client/src/pages/Profile.tsx	@typescript-eslint/no-unsafe-return	3	0	3	0	0	0	0
client/src/pages/Profile.tsx	@typescript-eslint/no-unused-vars	6	0	6	0	0	0	0
client/src/pages/Profile.tsx	@typescript-eslint/prefer-nullish-coalescing	14	0	14	0	0	0	0
client/src/pages/Profile.tsx	react/jsx-no-comment-textnodes	1	0	1	0	0	0	0
client/src/pages/Profile.tsx	react/no-unescaped-entities	4	0	4	0	0	0	0
client/src/pages/PublicCollection.tsx	@typescript-eslint/no-unsafe-assignment	1	0	1	0	0	0	0
client/src/pages/PublicCollection.tsx	@typescript-eslint/no-unsafe-call	1	0	1	0	0	0	0
client/src/pages/PublicCollection.tsx	@typescript-eslint/no-unsafe-member-access	1	0	1	0	0	0	0
client/src/pages/PublicCollection.tsx	@typescript-eslint/prefer-nullish-coalescing	1	0	1	0	0	0	0
client/src/pages/PublicCollection.tsx	react/jsx-no-comment-textnodes	1	0	1	0	0	0	0
client/src/pages/ResourceDetail.tsx	@typescript-eslint/no-explicit-any	2	0	2	0	0	0	0
client/src/pages/ResourceDetail.tsx	@typescript-eslint/no-floating-promises	6	0	6	0	0	0	0
client/src/pages/ResourceDetail.tsx	@typescript-eslint/no-misused-promises	2	0	2	0	0	0	0
client/src/pages/ResourceDetail.tsx	@typescript-eslint/no-unnecessary-type-assertion	3	0	3	0	0	0	0
client/src/pages/ResourceDetail.tsx	@typescript-eslint/no-unsafe-assignment	6	0	6	0	0	0	0
client/src/pages/ResourceDetail.tsx	@typescript-eslint/no-unsafe-return	3	0	3	0	0	0	0
client/src/pages/ResourceDetail.tsx	@typescript-eslint/no-unused-vars	1	0	1	0	0	0	0
client/src/pages/ResourceDetail.tsx	@typescript-eslint/prefer-nullish-coalescing	5	0	5	0	0	0	0
client/src/pages/ResourceDetail.tsx	react-hooks/exhaustive-deps	0	2	0	2	0	0	0
client/src/pages/ResourceDetail.tsx	react/no-unescaped-entities	1	0	1	0	0	0	0
client/src/pages/Search.tsx	@typescript-eslint/consistent-type-definitions	1	0	1	0	0	0	0
client/src/pages/Search.tsx	@typescript-eslint/no-unnecessary-type-assertion	1	0	1	0	0	0	0
client/src/pages/Search.tsx	@typescript-eslint/no-unused-expressions	1	0	1	0	0	0	0
client/src/pages/SubmitResource.tsx	@typescript-eslint/no-unsafe-assignment	2	0	2	0	0	0	0
client/src/pages/SubmitResource.tsx	@typescript-eslint/no-unsafe-member-access	3	0	3	0	0	0	0
client/src/pages/SubmitResource.tsx	@typescript-eslint/prefer-nullish-coalescing	4	0	4	0	0	0	0
client/src/pages/SubmitResource.tsx	unused-eslint-disable-directive	0	1	0	1	0	0	0
client/src/pages/TagLanding.tsx	@typescript-eslint/array-type	1	0	1	0	0	0	0
client/src/pages/TagLanding.tsx	@typescript-eslint/no-explicit-any	4	0	4	0	0	0	0
client/src/pages/TagLanding.tsx	@typescript-eslint/no-unsafe-assignment	7	0	7	0	0	0	0
client/src/pages/TagLanding.tsx	@typescript-eslint/no-unsafe-call	1	0	1	0	0	0	0
client/src/pages/TagLanding.tsx	@typescript-eslint/no-unsafe-member-access	17	0	17	0	0	0	0
client/src/pages/TagLanding.tsx	@typescript-eslint/no-unsafe-return	3	0	3	0	0	0	0
client/src/pages/TaxonomyListing.tsx	@typescript-eslint/consistent-type-definitions	1	0	1	0	0	0	0
client/src/pages/TaxonomyListing.tsx	@typescript-eslint/no-explicit-any	4	0	4	0	0	0	0
client/src/pages/TaxonomyListing.tsx	@typescript-eslint/no-unsafe-assignment	13	0	13	0	0	0	0
client/src/pages/TaxonomyListing.tsx	@typescript-eslint/no-unsafe-call	1	0	1	0	0	0	0
client/src/pages/TaxonomyListing.tsx	@typescript-eslint/no-unsafe-member-access	17	0	17	0	0	0	0
client/src/pages/TaxonomyListing.tsx	@typescript-eslint/no-unsafe-return	2	0	2	0	0	0	0
client/src/pages/TaxonomyListing.tsx	@typescript-eslint/prefer-nullish-coalescing	2	0	2	0	0	0	0
client/src/pages/TaxonomyListing.tsx	react/no-unescaped-entities	2	0	2	0	0	0	0
client/src/pages/Terms.tsx	react/no-unescaped-entities	5	0	5	0	0	0	0
client/src/pages/ThemeSettings.tsx	@typescript-eslint/no-explicit-any	1	0	1	0	0	0	0
docs/parity/evidence/audit-567-continue/lighthouse-final/lcp-candidate-probe.mjs	parsing-error	0	0	1	0	1	0	1
docs/parity/evidence/audit-567-continue/paint-first/atmosphere-repeat-check.mjs	parsing-error	0	0	1	0	1	0	1
docs/parity/evidence/audit-567-continue/paint-first/hydrate-check.mjs	parsing-error	0	0	1	0	1	0	1
docs/parity/evidence/audit-567-continue/paint-first/prefcp-tasks.mjs	parsing-error	0	0	1	0	1	0	1
docs/parity/evidence/fonts/filmstrip.mjs	parsing-error	1	0	1	0	0	0	0
docs/parity/evidence/fonts/font-set.mjs	parsing-error	1	0	1	0	0	0	0
docs/parity/evidence/footer/capture.mjs	parsing-error	1	0	1	0	0	0	0
docs/parity/evidence/footer/contact-probe.mjs	parsing-error	1	0	1	0	0	0	0
docs/parity/evidence/footer/pixels/capture.mjs	parsing-error	1	0	1	0	0	0	0
docs/parity/evidence/integration-shell/capture-admin-candidate.mjs	parsing-error	1	0	1	0	0	0	0
docs/parity/evidence/integration-shell/capture-current-admin-shell.mjs	parsing-error	1	0	1	0	0	0	0
docs/parity/evidence/integration-shell/normal-app-auth-regression.mjs	parsing-error	1	0	1	0	0	0	0
docs/parity/evidence/integration-shell/task565-breadcrumb-disclosure-2026-09-13/focused-guest-menu-check.mjs	parsing-error	1	0	1	0	0	0	0
docs/parity/evidence/integration-shell/task565-common-state-proof-2026-09-13/common-state-proof.mjs	parsing-error	1	0	1	0	0	0	0
drizzle.config.ts	parsing-error	1	0	1	0	0	0	0
eslint.config.js	parsing-error	1	0	1	0	0	0	0
playwright.config.ts	parsing-error	1	0	1	0	0	0	0
postcss.config.js	parsing-error	1	0	1	0	0	0	0
scripts/archive/admin-password-era/dedup-http-twins.ts	parsing-error	1	0	1	0	0	0	0
scripts/archive/admin-password-era/dedup-trailing-slash-prod.ts	parsing-error	1	0	1	0	0	0	0
scripts/archive/admin-password-era/fix-dead-links-task287-prod.ts	parsing-error	1	0	1	0	0	0	0
scripts/archive/admin-password-era/fix-dead-links-task290-final-prod.ts	parsing-error	1	0	1	0	0	0	0
scripts/archive/admin-password-era/fix-dead-links-task290-pass2-prod.ts	parsing-error	1	0	1	0	0	0	0
scripts/archive/admin-password-era/fix-dead-links-task290-prod.ts	parsing-error	1	0	1	0	0	0	0
scripts/archive/admin-password-era/prod-cleanup.ts	parsing-error	1	0	1	0	0	0	0
scripts/archive/admin-password-era/r6-data-fixes.ts	parsing-error	1	0	1	0	0	0	0
scripts/archive/admin-password-era/rerun-github-export-prod.ts	parsing-error	1	0	1	0	0	0	0
scripts/archive/admin-password-era/run14-verify-api.mjs	parsing-error	1	0	1	0	0	0	0
scripts/archive/admin-password-era/run22-data-fixes-prod.ts	parsing-error	1	0	1	0	0	0	0
scripts/archive/admin-password-era/run22-link-fixes-prod.ts	parsing-error	1	0	1	0	0	0	0
scripts/archive/admin-password-era/run23-data-fixes-prod.ts	parsing-error	1	0	1	0	0	0	0
scripts/archive/admin-password-era/run24-data-fixes-prod.ts	parsing-error	1	0	1	0	0	0	0
scripts/archive/admin-password-era/run25-link-fixes.ts	parsing-error	1	0	1	0	0	0	0
scripts/archive/admin-password-era/run26-qa-resource-cleanup.ts	parsing-error	1	0	1	0	0	0	0
scripts/archive/admin-password-era/run3-cleanup-prod.ts	parsing-error	1	0	1	0	0	0	0
scripts/archive/admin-password-era/task242-content-fixes-prod.ts	parsing-error	1	0	1	0	0	0	0
scripts/archive/admin-password-era/task290-fetch-broken-links.ts	parsing-error	1	0	1	0	0	0	0
scripts/archive/admin-password-era/test-researcher-admin-ui.ts	parsing-error	1	0	1	0	0	0	0
scripts/audit-567-browser.mjs	parsing-error	0	0	1	0	1	0	1
scripts/audit-sidebar-exhaustive-clicks.mjs	parsing-error	1	0	1	0	0	0	0
scripts/brand/build-brand-assets.mjs	parsing-error	1	0	1	0	0	0	0
scripts/build-static.ts	parsing-error	1	0	1	0	0	0	0
scripts/check-migration-drift.ts	parsing-error	1	0	1	0	0	0	0
scripts/deployment/trim-publish-image.mjs	parsing-error	1	0	1	0	0	0	0
scripts/export-awesome-markdown.ts	parsing-error	1	0	1	0	0	0	0
scripts/export-openapi-yaml.ts	parsing-error	1	0	1	0	0	0	0
scripts/generate-design-system-artifact.mjs	parsing-error	1	0	1	0	0	0	0
scripts/lib/fetch429.d.mts	parsing-error	1	0	1	0	0	0	0
scripts/lib/fetch429.mjs	parsing-error	1	0	1	0	0	0	0
scripts/migrate.ts	parsing-error	1	0	1	0	0	0	0
scripts/prod-link-scan.ts	parsing-error	1	0	1	0	0	0	0
scripts/qa/run25-task243-fixtures.ts	parsing-error	1	0	1	0	0	0	0
scripts/run-digest-dispatch.ts	parsing-error	1	0	1	0	0	0	0
scripts/stylelint/design-system-token-contract.mjs	parsing-error	1	0	1	0	0	0	0
scripts/test-feedback-loop.ts	parsing-error	1	0	1	0	0	0	0
scripts/validation/accent-drift.mjs	parsing-error	1	0	1	0	0	0	0
scripts/validation/admin-catalog-kind-mappings.mjs	parsing-error	1	0	1	0	0	0	0
scripts/validation/audit-567-compiled-server.ts	parsing-error	0	0	1	0	1	0	1
scripts/validation/audit-567-ink-accent.mjs	parsing-error	0	0	1	0	1	0	1
scripts/validation/audit-567-states.mjs	parsing-error	0	0	1	0	1	0	1
scripts/validation/auth-return-audit.mjs	parsing-error	1	0	1	0	0	0	0
scripts/validation/build-dist.mjs	parsing-error	1	0	1	0	0	0	0
scripts/validation/bundle-budget.mjs	parsing-error	1	0	1	0	0	0	0
scripts/validation/canonical-token-parity-browser-check.mjs	parsing-error	1	0	1	0	0	0	0
scripts/validation/canonical-token-parity.mjs	parsing-error	1	0	1	0	0	0	0
scripts/validation/catalog-database-resilience.ts	parsing-error	1	0	1	0	0	0	0
scripts/validation/collections-audit.mjs	parsing-error	1	0	1	0	0	0	0
scripts/validation/db-pool-probe.mjs	parsing-error	1	0	1	0	0	0	0
scripts/validation/dead-components.mjs	parsing-error	1	0	1	0	0	0	0
scripts/validation/dead-exports.mjs	parsing-error	1	0	1	0	0	0	0
scripts/validation/design-system-artifact-docs.mjs	parsing-error	1	0	1	0	0	0	0
scripts/validation/design-system-showcase.mjs	parsing-error	1	0	1	0	0	0	0
scripts/validation/design-system-stage5.mjs	parsing-error	1	0	1	0	0	0	0
scripts/validation/design-system-token-contract.mjs	parsing-error	1	0	1	0	0	0	0
scripts/validation/ds-button-filter.mjs	parsing-error	1	0	1	0	0	0	0
scripts/validation/ds-button-sweep.mjs	parsing-error	1	0	1	0	0	0	0
scripts/validation/font-prepaint-audit.ts	parsing-error	1	0	1	0	0	0	0
scripts/validation/gate-lease.mjs	parsing-error	1	0	1	0	0	0	0
scripts/validation/guest-recommendations.mjs	parsing-error	1	0	1	0	0	0	0
scripts/validation/home-browser.mjs	parsing-error	1	0	1	0	0	0	0
scripts/validation/home-feed.mjs	parsing-error	1	0	1	0	0	0	0
scripts/validation/http-cache-headers.mjs	parsing-error	1	0	1	0	0	0	0
scripts/validation/journey-funnel-transition-races.ts	parsing-error	1	0	1	0	0	0	0
scripts/validation/journey-progress-consistency.ts	parsing-error	1	0	1	0	0	0	0
scripts/validation/mobile-performance-audit.mjs	parsing-error	1	0	1	0	0	0	0
scripts/validation/module-graph.mjs	parsing-error	1	0	1	0	0	0	0
scripts/validation/normal-lighthouse.mjs	parsing-error	1	0	1	0	0	0	0
scripts/validation/openapi-drift.ts	parsing-error	1	0	1	0	0	0	0
scripts/validation/palette-drift.mjs	parsing-error	1	0	1	0	0	0	0
scripts/validation/playwright-launch-lease.mjs	parsing-error	1	0	1	0	0	0	0
scripts/validation/preferences-revision-races.ts	parsing-error	1	0	1	0	0	0	0
scripts/validation/print-audit.mjs	parsing-error	1	0	1	0	0	0	0
scripts/validation/prod-rate-limit-check.mjs	parsing-error	1	0	1	0	0	0	0
scripts/validation/product-profile-drift.mjs	parsing-error	1	0	1	0	0	0	0
scripts/validation/production-baseline-capture.mjs	parsing-error	1	0	1	0	0	0	0
scripts/validation/production-baseline-compare.mjs	parsing-error	1	0	1	0	0	0	0
scripts/validation/production-baseline-lib.mjs	parsing-error	1	0	1	0	0	0	0
scripts/validation/response-contract-drift.ts	parsing-error	1	0	1	0	0	0	0
scripts/validation/responsive-audit.mjs	parsing-error	1	0	1	0	0	0	0
scripts/validation/root-script-drift.mjs	parsing-error	1	0	1	0	0	0	0
scripts/validation/search-typo-suite.mjs	parsing-error	1	0	1	0	0	0	0
scripts/validation/seo-snapshot.mjs	parsing-error	1	0	1	0	0	0	0
scripts/validation/serve-performance-build.mjs	parsing-error	1	0	1	0	0	0	0
scripts/validation/standalone-palette-drift.mjs	parsing-error	1	0	1	0	0	0	0
scripts/validation/sticky-preview-audit.mjs	parsing-error	1	0	1	0	0	0	0
scripts/validation/stylelint-design-system-token-contract.mjs	parsing-error	1	0	1	0	0	0	0
scripts/validation/tablet-audit.mjs	parsing-error	1	0	1	0	0	0	0
scripts/validation/tag-route-audit.mjs	parsing-error	1	0	1	0	0	0	0
scripts/validation/taxonomy-listing-parity.mjs	parsing-error	1	0	1	0	0	0	0
scripts/validation/taxonomy-no-corpus-fetch.mjs	parsing-error	1	0	1	0	0	0	0
scripts/validation/theme-registry-type-safety.mjs	parsing-error	1	0	1	0	0	0	0
scripts/validation/tls-recovery-check.ts	parsing-error	1	0	1	0	0	0	0
scripts/validation/touch-target-sweep.mjs	parsing-error	1	0	1	0	0	0	0
scripts/validation/url-params-audit.mjs	parsing-error	1	0	1	0	0	0	0
scripts/verify-boot-migration-safety.ts	parsing-error	1	0	1	0	0	0	0
scripts/vg2-ga4-validate.mjs	parsing-error	1	0	1	0	0	0	0
scripts/vg2-teardown.ts	parsing-error	1	0	1	0	0	0	0
server/ai/agentEvents.ts	@typescript-eslint/no-explicit-any	2	0	2	0	0	0	0
server/ai/agentEvents.ts	@typescript-eslint/no-unsafe-member-access	1	0	1	0	0	0	0
server/ai/agentEvents.ts	@typescript-eslint/prefer-nullish-coalescing	1	0	1	0	0	0	0
server/ai/agentEvents.ts	@typescript-eslint/prefer-promise-reject-errors	1	0	1	0	0	0	0
server/ai/agentRuntime.ts	@typescript-eslint/no-explicit-any	3	0	3	0	0	0	0
server/ai/agentRuntime.ts	@typescript-eslint/no-unsafe-argument	2	0	2	0	0	0	0
server/ai/agentRuntime.ts	@typescript-eslint/no-unsafe-assignment	4	0	4	0	0	0	0
server/ai/agentRuntime.ts	@typescript-eslint/no-unsafe-call	4	0	4	0	0	0	0
server/ai/agentRuntime.ts	@typescript-eslint/no-unsafe-member-access	8	0	8	0	0	0	0
server/ai/agentRuntime.ts	@typescript-eslint/no-unused-vars	1	0	1	0	0	0	0
server/ai/agentRuntime.ts	@typescript-eslint/prefer-nullish-coalescing	1	0	1	0	0	0	0
server/ai/agentRuntime.ts	@typescript-eslint/prefer-optional-chain	1	0	1	0	0	0	0
server/ai/agentRuntime.ts	@typescript-eslint/prefer-regexp-exec	1	0	1	0	0	0	0
server/ai/anthropicConfig.ts	@typescript-eslint/no-unnecessary-type-assertion	1	0	1	0	0	0	0
server/ai/claudeService.ts	@typescript-eslint/consistent-indexed-object-style	1	0	1	0	0	0	0
server/ai/claudeService.ts	@typescript-eslint/consistent-type-definitions	1	0	1	0	0	0	0
server/ai/claudeService.ts	@typescript-eslint/no-explicit-any	6	0	6	0	0	0	0
server/ai/claudeService.ts	@typescript-eslint/no-inferrable-types	2	0	2	0	0	0	0
server/ai/claudeService.ts	@typescript-eslint/no-redundant-type-constituents	1	0	1	0	0	0	0
server/ai/claudeService.ts	@typescript-eslint/no-unsafe-assignment	3	0	3	0	0	0	0
server/ai/claudeService.ts	@typescript-eslint/no-unsafe-member-access	6	0	6	0	0	0	0
server/ai/claudeService.ts	@typescript-eslint/no-unsafe-return	1	0	1	0	0	0	0
server/ai/claudeService.ts	@typescript-eslint/no-unused-vars	2	0	2	0	0	0	0
server/ai/claudeService.ts	@typescript-eslint/prefer-nullish-coalescing	5	0	5	0	0	0	0
server/ai/claudeService.ts	@typescript-eslint/require-await	1	0	1	0	0	0	0
server/ai/embeddingService.ts	@typescript-eslint/array-type	2	0	2	0	0	0	0
server/ai/embeddingService.ts	@typescript-eslint/no-explicit-any	1	0	1	0	0	0	0
server/ai/embeddingService.ts	@typescript-eslint/no-unsafe-member-access	4	0	4	0	0	0	0
server/ai/embeddingService.ts	@typescript-eslint/prefer-nullish-coalescing	2	0	2	0	0	0	0
server/ai/enrichmentService.ts	@typescript-eslint/array-type	4	0	4	0	0	0	0
server/ai/enrichmentService.ts	@typescript-eslint/consistent-generic-constructors	2	0	2	0	0	0	0
server/ai/enrichmentService.ts	@typescript-eslint/no-explicit-any	12	0	12	0	0	0	0
server/ai/enrichmentService.ts	@typescript-eslint/no-floating-promises	1	0	1	0	0	0	0
server/ai/enrichmentService.ts	@typescript-eslint/no-unnecessary-type-assertion	2	0	2	0	0	0	0
server/ai/enrichmentService.ts	@typescript-eslint/no-unsafe-argument	3	0	3	0	0	0	0
server/ai/enrichmentService.ts	@typescript-eslint/no-unsafe-assignment	5	0	5	0	0	0	0
server/ai/enrichmentService.ts	@typescript-eslint/no-unsafe-member-access	13	0	13	0	0	0	0
server/ai/enrichmentService.ts	@typescript-eslint/prefer-nullish-coalescing	37	0	37	0	0	0	0
server/ai/enrichmentService.ts	@typescript-eslint/prefer-optional-chain	1	0	1	0	0	0	0
server/ai/enrichmentService.ts	@typescript-eslint/prefer-regexp-exec	1	0	1	0	0	0	0
server/ai/enrichmentService.ts	@typescript-eslint/require-await	1	0	1	0	0	0	0
server/ai/recommendationEngine.ts	@typescript-eslint/array-type	2	0	2	0	0	0	0
server/ai/recommendationEngine.ts	@typescript-eslint/consistent-generic-constructors	1	0	1	0	0	0	0
server/ai/recommendationEngine.ts	@typescript-eslint/no-explicit-any	11	0	11	0	0	0	0
server/ai/recommendationEngine.ts	@typescript-eslint/no-inferrable-types	2	0	2	0	0	0	0
server/ai/recommendationEngine.ts	@typescript-eslint/no-unsafe-argument	5	0	5	0	0	0	0
server/ai/recommendationEngine.ts	@typescript-eslint/no-unsafe-assignment	17	0	17	0	0	0	0
server/ai/recommendationEngine.ts	@typescript-eslint/no-unsafe-call	10	0	10	0	0	0	0
server/ai/recommendationEngine.ts	@typescript-eslint/no-unsafe-member-access	35	0	35	0	0	0	0
server/ai/recommendationEngine.ts	@typescript-eslint/no-unsafe-return	2	0	2	0	0	0	0
server/ai/recommendationEngine.ts	@typescript-eslint/prefer-nullish-coalescing	16	0	16	0	0	0	0
server/ai/recommendationEngine.ts	@typescript-eslint/prefer-optional-chain	1	0	1	0	0	0	0
server/ai/recommendationEngine.ts	prefer-const	1	0	1	0	0	0	0
server/ai/recommendations.ts	@typescript-eslint/no-inferrable-types	1	0	1	0	0	0	0
server/ai/recommendations.ts	@typescript-eslint/no-unused-vars	2	0	2	0	0	0	0
server/ai/researchService.ts	@typescript-eslint/array-type	6	0	6	0	0	0	0
server/ai/researchService.ts	@typescript-eslint/consistent-generic-constructors	1	0	1	0	0	0	0
server/ai/researchService.ts	@typescript-eslint/no-empty-function	1	0	1	0	0	0	0
server/ai/researchService.ts	@typescript-eslint/no-explicit-any	26	0	26	0	0	0	0
server/ai/researchService.ts	@typescript-eslint/no-unnecessary-type-assertion	2	0	2	0	0	0	0
server/ai/researchService.ts	@typescript-eslint/no-unsafe-assignment	8	0	8	0	0	0	0
server/ai/researchService.ts	@typescript-eslint/no-unsafe-member-access	35	0	35	0	0	0	0
server/ai/researchService.ts	@typescript-eslint/no-unsafe-return	1	0	1	0	0	0	0
server/ai/researchService.ts	@typescript-eslint/no-unused-vars	1	0	1	0	0	0	0
server/ai/researchService.ts	@typescript-eslint/prefer-nullish-coalescing	47	0	47	0	0	0	0
server/ai/researchService.ts	@typescript-eslint/prefer-optional-chain	2	0	2	0	0	0	0
server/ai/researchService.ts	@typescript-eslint/prefer-promise-reject-errors	1	0	1	0	0	0	0
server/ai/researchService.ts	@typescript-eslint/prefer-regexp-exec	1	0	1	0	0	0	0
server/ai/researchService.ts	@typescript-eslint/require-await	1	0	1	0	0	0	0
server/ai/researchService.ts	no-useless-escape	2	0	2	0	0	0	0
server/ai/researchService.ts	prefer-const	1	0	1	0	0	0	0
server/ai/runAgentQuery.ts	@typescript-eslint/no-empty-function	1	0	1	0	0	0	0
server/ai/runAgentQuery.ts	@typescript-eslint/no-explicit-any	13	0	13	0	0	0	0
server/ai/runAgentQuery.ts	@typescript-eslint/no-unnecessary-type-assertion	3	0	3	0	0	0	0
server/ai/runAgentQuery.ts	@typescript-eslint/no-unsafe-argument	10	0	10	0	0	0	0
server/ai/runAgentQuery.ts	@typescript-eslint/no-unsafe-assignment	45	0	45	0	0	0	0
server/ai/runAgentQuery.ts	@typescript-eslint/no-unsafe-call	5	0	5	0	0	0	0
server/ai/runAgentQuery.ts	@typescript-eslint/no-unsafe-member-access	95	0	95	0	0	0	0
server/ai/runAgentQuery.ts	@typescript-eslint/no-unsafe-return	3	0	3	0	0	0	0
server/ai/runAgentQuery.ts	@typescript-eslint/prefer-nullish-coalescing	14	0	14	0	0	0	0
server/ai/runAgentQuery.ts	@typescript-eslint/require-await	1	0	1	0	0	0	0
server/ai/tagging.ts	@typescript-eslint/no-unused-vars	1	0	1	0	0	0	0
server/ai/test-blurhash.ts	@typescript-eslint/no-explicit-any	1	0	1	0	0	0	0
server/ai/test-blurhash.ts	@typescript-eslint/no-unsafe-member-access	1	0	1	0	0	0	0
server/ai/test-blurhash.ts	@typescript-eslint/prefer-nullish-coalescing	4	0	4	0	0	0	0
server/ai/urlScraper.ts	@typescript-eslint/no-inferrable-types	1	0	1	0	0	0	0
server/ai/urlScraper.ts	@typescript-eslint/no-unused-vars	1	0	1	0	0	0	0
server/ai/urlScraper.ts	@typescript-eslint/prefer-nullish-coalescing	10	0	10	0	0	0	0
server/ai/webResearch.ts	@typescript-eslint/consistent-generic-constructors	1	0	1	0	0	0	0
server/ai/webResearch.ts	@typescript-eslint/no-empty-function	1	0	1	0	0	0	0
server/ai/webResearch.ts	@typescript-eslint/no-explicit-any	1	0	1	0	0	0	0
server/ai/webResearch.ts	@typescript-eslint/no-unsafe-member-access	1	0	1	0	0	0	0
server/ai/webResearch.ts	@typescript-eslint/no-unused-vars	3	0	3	0	0	0	0
server/ai/webResearch.ts	@typescript-eslint/prefer-nullish-coalescing	5	0	5	0	0	0	0
server/api/notifications.ts	@typescript-eslint/no-misused-promises	8	0	8	0	0	0	0
server/api/public.ts	@typescript-eslint/no-explicit-any	1	0	1	0	0	0	0
server/api/public.ts	@typescript-eslint/no-misused-promises	4	0	4	0	0	0	0
server/api/public.ts	@typescript-eslint/no-unsafe-assignment	4	0	4	0	0	0	0
server/api/public.ts	@typescript-eslint/no-unsafe-member-access	4	0	4	0	0	0	0
server/awesome-video-parser-clean.ts	@typescript-eslint/consistent-indexed-object-style	1	0	1	0	0	0	0
server/awesome-video-parser-clean.ts	@typescript-eslint/no-unnecessary-type-assertion	4	0	4	0	0	0	0
server/awesome-video-parser-clean.ts	@typescript-eslint/no-unused-vars	1	0	1	0	0	0	0
server/awesome-video-parser-clean.ts	@typescript-eslint/prefer-nullish-coalescing	4	0	4	0	0	0	0
server/awesome-video-parser-clean.ts	@typescript-eslint/prefer-optional-chain	5	0	5	0	0	0	0
server/awesome-video-parser-clean.ts	no-useless-escape	1	0	1	0	0	0	0
server/awesome-video-parser-clean.ts	prefer-const	5	0	5	0	0	0	0
server/cache/publicCache.ts	@typescript-eslint/consistent-type-definitions	2	0	2	0	0	0	0
server/cache/publicCache.ts	@typescript-eslint/no-unnecessary-type-assertion	1	0	1	0	0	0	0
server/cache/publicCache.ts	@typescript-eslint/prefer-optional-chain	1	0	1	0	0	0	0
server/clerkAuth.ts	@typescript-eslint/no-misused-promises	1	0	1	0	0	0	0
server/cli/parse-list.ts	@typescript-eslint/prefer-nullish-coalescing	1	0	1	0	0	0	0
server/cli/seedJourneys.ts	@typescript-eslint/consistent-indexed-object-style	1	0	1	0	0	0	0
server/cli/seedJourneys.ts	@typescript-eslint/no-inferrable-types	1	0	1	0	0	0	0
server/cli/seedJourneys.ts	@typescript-eslint/no-unsafe-assignment	3	0	3	0	0	0	0
server/cli/seedJourneys.ts	@typescript-eslint/no-unsafe-call	2	0	2	0	0	0	0
server/cli/seedJourneys.ts	@typescript-eslint/no-unsafe-member-access	8	0	8	0	0	0	0
server/cli/seedJourneys.ts	@typescript-eslint/no-unsafe-return	1	0	1	0	0	0	0
server/cli/seedJourneys.ts	@typescript-eslint/no-unused-vars	2	0	2	0	0	0	0
server/cli/seedJourneys.ts	@typescript-eslint/prefer-optional-chain	1	0	1	0	0	0	0
server/config.ts	@typescript-eslint/array-type	2	0	2	0	0	0	0
server/config.ts	@typescript-eslint/prefer-nullish-coalescing	6	0	6	0	0	0	0
server/contracts/bodyGuard.ts	@typescript-eslint/no-unnecessary-type-assertion	1	0	1	0	0	0	0
server/contracts/bodyGuard.ts	no-control-regex	1	0	1	0	0	0	0
server/contracts/inference.ts	@typescript-eslint/no-unnecessary-type-assertion	1	0	1	0	0	0	0
server/contracts/inference.ts	@typescript-eslint/prefer-string-starts-ends-with	2	0	2	0	0	0	0
server/contracts/inference.ts	no-control-regex	3	0	3	0	0	0	0
server/contracts/install.ts	@typescript-eslint/no-unnecessary-type-assertion	1	0	1	0	0	0	0
server/contracts/middleware.ts	@typescript-eslint/no-explicit-any	6	0	6	0	0	0	0
server/contracts/middleware.ts	@typescript-eslint/no-unsafe-argument	3	0	3	0	0	0	0
server/contracts/middleware.ts	@typescript-eslint/no-unsafe-assignment	6	0	6	0	0	0	0
server/contracts/middleware.ts	@typescript-eslint/no-unsafe-member-access	15	0	15	0	0	0	0
server/contracts/middleware.ts	@typescript-eslint/prefer-regexp-exec	1	0	1	0	0	0	0
server/contracts/openapiGenerator.ts	@typescript-eslint/no-explicit-any	17	0	17	0	0	0	0
server/contracts/openapiGenerator.ts	@typescript-eslint/no-unnecessary-type-assertion	1	0	1	0	0	0	0
server/contracts/openapiGenerator.ts	@typescript-eslint/no-unsafe-argument	3	0	3	0	0	0	0
server/contracts/openapiGenerator.ts	@typescript-eslint/no-unsafe-assignment	8	0	8	0	0	0	0
server/contracts/openapiGenerator.ts	@typescript-eslint/no-unsafe-member-access	6	0	6	0	0	0	0
server/contracts/responseValidation.ts	@typescript-eslint/prefer-optional-chain	2	0	2	0	0	0	0
server/contracts/schemas.ts	no-control-regex	2	0	2	0	0	0	0
server/db/errors.ts	@typescript-eslint/no-explicit-any	3	0	3	0	0	0	0
server/db/errors.ts	@typescript-eslint/no-unsafe-assignment	1	0	1	0	0	0	0
server/db/errors.ts	@typescript-eslint/no-unsafe-member-access	4	0	4	0	0	0	0
server/db/index.ts	@typescript-eslint/no-explicit-any	8	0	8	0	0	0	0
server/db/index.ts	@typescript-eslint/no-unnecessary-type-assertion	1	0	1	0	0	0	0
server/db/index.ts	@typescript-eslint/no-unsafe-assignment	7	0	7	0	0	0	0
server/db/index.ts	@typescript-eslint/no-unsafe-call	7	0	7	0	0	0	0
server/db/index.ts	@typescript-eslint/no-unsafe-member-access	9	0	9	0	0	0	0
server/db/index.ts	@typescript-eslint/no-unsafe-return	5	0	5	0	0	0	0
server/email.ts	@typescript-eslint/no-unused-vars	2	0	2	0	0	0	0
server/errors/ApiError.ts	@typescript-eslint/no-explicit-any	3	0	3	0	0	0	0
server/errors/ApiError.ts	@typescript-eslint/no-inferrable-types	5	0	5	0	0	0	0
server/errors/ApiError.ts	@typescript-eslint/no-unsafe-assignment	1	0	1	0	0	0	0
server/github-api.ts	@typescript-eslint/no-unsafe-assignment	6	0	6	0	0	0	0
server/github-api.ts	@typescript-eslint/no-unsafe-call	2	0	2	0	0	0	0
server/github-api.ts	@typescript-eslint/no-unsafe-member-access	6	0	6	0	0	0	0
server/github/client.ts	@typescript-eslint/no-inferrable-types	2	0	2	0	0	0	0
server/github/client.ts	@typescript-eslint/no-unused-vars	2	0	2	0	0	0	0
server/github/client.ts	@typescript-eslint/prefer-nullish-coalescing	7	0	7	0	0	0	0
server/github/client.ts	no-useless-escape	5	0	5	0	0	0	0
server/github/formatter.ts	@typescript-eslint/consistent-indexed-object-style	1	0	1	0	0	0	0
server/github/formatter.ts	@typescript-eslint/prefer-nullish-coalescing	4	0	4	0	0	0	0
server/github/formatter.ts	@typescript-eslint/prefer-optional-chain	1	0	1	0	0	0	0
server/github/formatter.ts	@typescript-eslint/prefer-regexp-exec	1	0	1	0	0	0	0
server/github/formatter.ts	@typescript-eslint/prefer-string-starts-ends-with	4	0	4	0	0	0	0
server/github/formatter.ts	no-useless-escape	2	0	2	0	0	0	0
server/github/importHygiene.ts	@typescript-eslint/no-explicit-any	2	0	2	0	0	0	0
server/github/importHygiene.ts	@typescript-eslint/no-unsafe-argument	2	0	2	0	0	0	0
server/github/importHygiene.ts	@typescript-eslint/no-unsafe-call	1	0	1	0	0	0	0
server/github/importHygiene.ts	@typescript-eslint/no-unsafe-member-access	2	0	2	0	0	0	0
server/github/importHygiene.ts	@typescript-eslint/prefer-regexp-exec	2	0	2	0	0	0	0
server/github/importHygiene.ts	prefer-const	1	0	1	0	0	0	0
server/github/parser.ts	@typescript-eslint/no-explicit-any	2	0	2	0	0	0	0
server/github/parser.ts	@typescript-eslint/prefer-for-of	1	0	1	0	0	0	0
server/github/parser.ts	@typescript-eslint/prefer-nullish-coalescing	1	0	1	0	0	0	0
server/github/parser.ts	@typescript-eslint/prefer-regexp-exec	2	0	2	0	0	0	0
server/github/parser.ts	@typescript-eslint/require-await	1	0	1	0	0	0	0
server/github/parser.ts	no-useless-escape	1	0	1	0	0	0	0
server/github/replitConnection.ts	@typescript-eslint/prefer-nullish-coalescing	2	0	2	0	0	0	0
server/github/syncService.ts	@typescript-eslint/array-type	1	0	1	0	0	0	0
server/github/syncService.ts	@typescript-eslint/consistent-generic-constructors	1	0	1	0	0	0	0
server/github/syncService.ts	@typescript-eslint/no-explicit-any	26	0	26	0	0	0	0
server/github/syncService.ts	@typescript-eslint/no-unnecessary-type-assertion	1	0	1	0	0	0	0
server/github/syncService.ts	@typescript-eslint/no-unsafe-argument	2	0	2	0	0	0	0
server/github/syncService.ts	@typescript-eslint/no-unsafe-assignment	12	0	12	0	0	0	0
server/github/syncService.ts	@typescript-eslint/no-unsafe-call	4	0	4	0	0	0	0
server/github/syncService.ts	@typescript-eslint/no-unsafe-member-access	34	0	34	0	0	0	0
server/github/syncService.ts	@typescript-eslint/non-nullable-type-assertion-style	5	0	5	0	0	0	0
server/github/syncService.ts	@typescript-eslint/prefer-nullish-coalescing	19	0	19	0	0	0	0
server/github/syncService.ts	@typescript-eslint/prefer-regexp-exec	2	0	2	0	0	0	0
server/github/syncService.ts	no-useless-escape	5	0	5	0	0	0	0
server/health.ts	@typescript-eslint/consistent-type-definitions	1	0	1	0	0	0	0
server/home-ssr-data.ts	@typescript-eslint/no-explicit-any	5	0	0	0	-5	0	-5
server/home-ssr-data.ts	@typescript-eslint/no-unsafe-assignment	14	0	0	0	-14	0	-14
server/home-ssr-data.ts	@typescript-eslint/no-unsafe-call	5	0	0	0	-5	0	-5
server/home-ssr-data.ts	@typescript-eslint/no-unsafe-member-access	26	0	0	0	-26	0	-26
server/home-ssr-data.ts	@typescript-eslint/no-unsafe-return	2	0	0	0	-2	0	-2
server/home-ssr-data.ts	@typescript-eslint/prefer-nullish-coalescing	11	0	0	0	-11	0	-11
server/index.ts	@typescript-eslint/no-explicit-any	1	0	1	0	0	0	0
server/index.ts	@typescript-eslint/no-floating-promises	1	0	1	0	0	0	0
server/index.ts	@typescript-eslint/no-misused-promises	2	0	2	0	0	0	0
server/index.ts	@typescript-eslint/no-unsafe-member-access	1	0	1	0	0	0	0
server/index.ts	@typescript-eslint/no-unused-vars	5	0	5	0	0	0	0
server/index.ts	@typescript-eslint/prefer-nullish-coalescing	10	0	10	0	0	0	0
server/index.ts	@typescript-eslint/prefer-optional-chain	1	0	1	0	0	0	0
server/index.ts	@typescript-eslint/prefer-regexp-exec	1	0	1	0	0	0	0
server/jobs/linkHealthScheduler.ts	@typescript-eslint/no-unsafe-member-access	1	0	1	0	0	0	0
server/jobs/orphanJobWatchdog.ts	@typescript-eslint/no-explicit-any	2	0	2	0	0	0	0
server/jobs/orphanJobWatchdog.ts	@typescript-eslint/no-misused-promises	1	0	1	0	0	0	0
server/jobs/orphanJobWatchdog.ts	@typescript-eslint/no-unsafe-member-access	2	0	2	0	0	0	0
server/jobs/orphanJobWatchdog.ts	@typescript-eslint/no-unused-vars	1	0	1	0	0	0	0
server/jobs/orphanJobWatchdog.ts	@typescript-eslint/prefer-nullish-coalescing	2	0	2	0	0	0	0
server/lib/mixpanelServer.ts	@typescript-eslint/no-unsafe-member-access	2	0	2	0	0	0	0
server/lib/mixpanelServer.ts	@typescript-eslint/prefer-nullish-coalescing	1	0	1	0	0	0	0
server/lib/publicResource.ts	@typescript-eslint/no-explicit-any	2	0	2	0	0	0	0
server/lib/publicResource.ts	@typescript-eslint/no-unsafe-assignment	3	0	3	0	0	0	0
server/lib/publicResource.ts	@typescript-eslint/no-unsafe-member-access	6	0	6	0	0	0	0
server/lib/publicResource.ts	@typescript-eslint/no-unused-vars	7	0	7	0	0	0	0
server/lib/tagCanonicalize.ts	prefer-const	1	0	1	0	0	0	0
server/lib/titleClean.ts	@typescript-eslint/prefer-regexp-exec	1	0	1	0	0	0	0
server/middleware/apiAuth.ts	@typescript-eslint/no-explicit-any	2	0	2	0	0	0	0
server/middleware/apiAuth.ts	@typescript-eslint/no-misused-promises	1	0	1	0	0	0	0
server/middleware/apiAuth.ts	@typescript-eslint/no-unsafe-member-access	1	0	1	0	0	0	0
server/middleware/asyncHandler.ts	@typescript-eslint/no-explicit-any	1	0	1	0	0	0	0
server/middleware/errorHandler.ts	@typescript-eslint/no-explicit-any	6	0	6	0	0	0	0
server/middleware/errorHandler.ts	@typescript-eslint/no-unsafe-assignment	2	0	2	0	0	0	0
server/middleware/errorHandler.ts	@typescript-eslint/no-unsafe-member-access	6	0	6	0	0	0	0
server/middleware/errorHandler.ts	@typescript-eslint/no-unused-vars	1	0	1	0	0	0	0
server/middleware/errors.ts	@typescript-eslint/no-explicit-any	2	0	2	0	0	0	0
server/middleware/errors.ts	@typescript-eslint/no-inferrable-types	9	0	9	0	0	0	0
server/middleware/errors.ts	@typescript-eslint/no-unsafe-assignment	1	0	1	0	0	0	0
server/middleware/pgRateLimitStore.ts	@typescript-eslint/no-explicit-any	4	0	4	0	0	0	0
server/middleware/pgRateLimitStore.ts	@typescript-eslint/no-floating-promises	1	0	1	0	0	0	0
server/middleware/pgRateLimitStore.ts	@typescript-eslint/no-unsafe-argument	6	0	6	0	0	0	0
server/middleware/pgRateLimitStore.ts	@typescript-eslint/no-unsafe-assignment	2	0	2	0	0	0	0
server/middleware/pgRateLimitStore.ts	@typescript-eslint/no-unsafe-member-access	9	0	9	0	0	0	0
server/middleware/pgRateLimitStore.ts	@typescript-eslint/prefer-promise-reject-errors	1	0	1	0	0	0	0
server/middleware/rateLimit.ts	@typescript-eslint/no-explicit-any	2	0	2	0	0	0	0
server/middleware/rateLimit.ts	@typescript-eslint/no-unsafe-assignment	2	0	2	0	0	0	0
server/middleware/rateLimit.ts	@typescript-eslint/no-unsafe-member-access	6	0	6	0	0	0	0
server/middleware/rateLimit.ts	@typescript-eslint/prefer-nullish-coalescing	3	0	3	0	0	0	0
server/middlewares/clerkProxyMiddleware.ts	@typescript-eslint/dot-notation	1	0	1	0	0	0	0
server/middlewares/clerkProxyMiddleware.ts	@typescript-eslint/prefer-nullish-coalescing	6	0	6	0	0	0	0
server/middlewares/clerkProxyMiddleware.ts	@typescript-eslint/restrict-template-expressions	1	0	1	0	0	0	0
server/migrate.ts	@typescript-eslint/array-type	1	0	1	0	0	0	0
server/migrate.ts	@typescript-eslint/no-explicit-any	2	0	2	0	0	0	0
server/migrate.ts	@typescript-eslint/no-unsafe-assignment	2	0	2	0	0	0	0
server/migrate.ts	@typescript-eslint/no-unsafe-call	2	0	2	0	0	0	0
server/migrate.ts	@typescript-eslint/no-unsafe-member-access	8	0	8	0	0	0	0
server/og-middleware.ts	@typescript-eslint/array-type	2	0	4	0	2	0	2
server/og-middleware.ts	@typescript-eslint/consistent-type-definitions	1	0	1	0	0	0	0
server/og-middleware.ts	@typescript-eslint/no-explicit-any	74	0	73	0	-1	0	-1
server/og-middleware.ts	@typescript-eslint/no-unnecessary-type-assertion	2	0	2	0	0	0	0
server/og-middleware.ts	@typescript-eslint/no-unsafe-argument	13	0	10	0	-3	0	-3
server/og-middleware.ts	@typescript-eslint/no-unsafe-assignment	76	0	70	0	-6	0	-6
server/og-middleware.ts	@typescript-eslint/no-unsafe-call	22	0	21	0	-1	0	-1
server/og-middleware.ts	@typescript-eslint/no-unsafe-member-access	139	0	133	0	-6	0	-6
server/og-middleware.ts	@typescript-eslint/no-unsafe-return	7	0	7	0	0	0	0
server/og-middleware.ts	@typescript-eslint/prefer-nullish-coalescing	8	0	8	0	0	0	0
server/og-middleware.ts	@typescript-eslint/prefer-optional-chain	4	0	4	0	0	0	0
server/og-middleware.ts	@typescript-eslint/prefer-promise-reject-errors	1	0	1	0	0	0	0
server/og-middleware.ts	@typescript-eslint/prefer-regexp-exec	17	0	17	0	0	0	0
server/og-middleware.ts	no-useless-escape	17	0	17	0	0	0	0
server/og-middleware.ts	prefer-const	1	0	1	0	0	0	0
server/openapi.ts	@typescript-eslint/no-explicit-any	1	0	1	0	0	0	0
server/ops/heavyWork.ts	@typescript-eslint/consistent-type-definitions	1	0	1	0	0	0	0
server/ops/operationalTelemetry.ts	@typescript-eslint/consistent-type-definitions	1	0	1	0	0	0	0
server/ops/operationalTelemetry.ts	@typescript-eslint/no-base-to-string	1	0	1	0	0	0	0
server/ops/operationalTelemetry.ts	@typescript-eslint/no-explicit-any	1	0	1	0	0	0	0
server/ops/operationalTelemetry.ts	@typescript-eslint/no-unsafe-assignment	1	0	1	0	0	0	0
server/ops/operationalTelemetry.ts	@typescript-eslint/no-unsafe-member-access	4	0	4	0	0	0	0
server/ops/requestContext.ts	@typescript-eslint/consistent-type-definitions	1	0	1	0	0	0	0
server/parser.ts	@typescript-eslint/no-unused-vars	5	0	5	0	0	0	0
server/parser.ts	@typescript-eslint/prefer-nullish-coalescing	2	0	2	0	0	0	0
server/parser.ts	@typescript-eslint/prefer-regexp-exec	5	0	5	0	0	0	0
server/parser.ts	@typescript-eslint/require-await	1	0	1	0	0	0	0
server/parser.ts	no-useless-escape	6	0	6	0	0	0	0
server/recommendation-engine.ts	@typescript-eslint/no-inferrable-types	3	0	3	0	0	0	0
server/recommendation-engine.ts	@typescript-eslint/no-unnecessary-type-assertion	1	0	1	0	0	0	0
server/recommendation-engine.ts	@typescript-eslint/prefer-nullish-coalescing	2	0	2	0	0	0	0
server/repositories/AdminRepository.ts	@typescript-eslint/no-explicit-any	3	0	3	0	0	0	0
server/repositories/AdminRepository.ts	@typescript-eslint/no-unsafe-assignment	2	0	2	0	0	0	0
server/repositories/AdminRepository.ts	@typescript-eslint/require-await	2	0	2	0	0	0	0
server/repositories/AuditLogRepository.ts	@typescript-eslint/no-explicit-any	2	0	2	0	0	0	0
server/repositories/AuditLogRepository.ts	@typescript-eslint/no-unnecessary-type-assertion	2	0	2	0	0	0	0
server/repositories/AuditLogRepository.ts	@typescript-eslint/no-unused-vars	1	0	1	0	0	0	0
server/repositories/AuditRepository.ts	@typescript-eslint/array-type	1	0	1	0	0	0	0
server/repositories/AuditRepository.ts	@typescript-eslint/no-base-to-string	1	0	1	0	0	0	0
server/repositories/AuditRepository.ts	@typescript-eslint/no-explicit-any	9	0	9	0	0	0	0
server/repositories/AuditRepository.ts	@typescript-eslint/no-unnecessary-type-assertion	1	0	1	0	0	0	0
server/repositories/AuditRepository.ts	@typescript-eslint/no-unsafe-argument	1	0	1	0	0	0	0
server/repositories/AuditRepository.ts	@typescript-eslint/no-unsafe-assignment	7	0	7	0	0	0	0
server/repositories/AuditRepository.ts	@typescript-eslint/no-unsafe-call	4	0	4	0	0	0	0
server/repositories/AuditRepository.ts	@typescript-eslint/no-unsafe-member-access	11	0	11	0	0	0	0
server/repositories/AuditRepository.ts	@typescript-eslint/prefer-optional-chain	1	0	1	0	0	0	0
server/repositories/CategoryRepository.ts	@typescript-eslint/no-explicit-any	2	0	2	0	0	0	0
server/repositories/CategoryRepository.ts	@typescript-eslint/no-unsafe-assignment	2	0	2	0	0	0	0
server/repositories/EnrichmentRepository.ts	@typescript-eslint/no-explicit-any	1	0	1	0	0	0	0
server/repositories/EnrichmentRepository.ts	@typescript-eslint/no-inferrable-types	2	0	2	0	0	0	0
server/repositories/EnrichmentRepository.ts	@typescript-eslint/no-unsafe-member-access	1	0	1	0	0	0	0
server/repositories/ensureSubSubcategory.ts	@typescript-eslint/prefer-optional-chain	1	0	1	0	0	0	0
server/repositories/FavoriteRepository.ts	@typescript-eslint/array-type	1	0	1	0	0	0	0
server/repositories/GithubSyncRepository.ts	@typescript-eslint/no-explicit-any	4	0	4	0	0	0	0
server/repositories/GithubSyncRepository.ts	@typescript-eslint/no-inferrable-types	1	0	1	0	0	0	0
server/repositories/GithubSyncRepository.ts	@typescript-eslint/no-unsafe-argument	1	0	1	0	0	0	0
server/repositories/GithubSyncRepository.ts	@typescript-eslint/no-unsafe-assignment	2	0	2	0	0	0	0
server/repositories/HierarchyRepository.ts	@typescript-eslint/no-explicit-any	6	0	6	0	0	0	0
server/repositories/HierarchyRepository.ts	@typescript-eslint/no-unsafe-argument	2	0	2	0	0	0	0
server/repositories/HierarchyRepository.ts	@typescript-eslint/no-unsafe-assignment	4	0	4	0	0	0	0
server/repositories/HierarchyRepository.ts	@typescript-eslint/no-unsafe-member-access	8	0	8	0	0	0	0
server/repositories/HomeNavRepository.ts	@typescript-eslint/array-type	0	0	5	0	5	0	5
server/repositories/HomeNavRepository.ts	@typescript-eslint/consistent-type-definitions	0	0	2	0	2	0	2
server/repositories/JourneyRepository.ts	@typescript-eslint/no-explicit-any	1	0	1	0	0	0	0
server/repositories/JourneyRepository.ts	@typescript-eslint/no-unsafe-assignment	1	0	1	0	0	0	0
server/repositories/LearningJourneyRepository.ts	@typescript-eslint/array-type	1	0	1	0	0	0	0
server/repositories/LearningJourneyRepository.ts	@typescript-eslint/consistent-type-definitions	2	0	2	0	0	0	0
server/repositories/LearningJourneyRepository.ts	@typescript-eslint/no-explicit-any	1	0	1	0	0	0	0
server/repositories/LearningJourneyRepository.ts	@typescript-eslint/no-unnecessary-type-assertion	1	0	1	0	0	0	0
server/repositories/LearningJourneyRepository.ts	@typescript-eslint/no-unsafe-member-access	2	0	2	0	0	0	0
server/repositories/LearningJourneyRepository.ts	@typescript-eslint/prefer-optional-chain	2	0	2	0	0	0	0
server/repositories/LegacyRepository.ts	@typescript-eslint/no-unused-vars	3	0	3	0	0	0	0
server/repositories/ResourceRepository.ts	@typescript-eslint/array-type	1	0	1	0	0	0	0
server/repositories/ResourceRepository.ts	@typescript-eslint/consistent-type-definitions	3	0	3	0	0	0	0
server/repositories/ResourceRepository.ts	@typescript-eslint/no-explicit-any	1	0	1	0	0	0	0
server/repositories/ResourceRepository.ts	@typescript-eslint/no-unnecessary-type-assertion	6	0	6	0	0	0	0
server/repositories/ResourceRepository.ts	@typescript-eslint/no-unsafe-assignment	2	0	2	0	0	0	0
server/repositories/ResourceRepository.ts	@typescript-eslint/no-unsafe-member-access	5	0	5	0	0	0	0
server/repositories/ResourceRepository.ts	@typescript-eslint/no-unused-vars	3	0	3	0	0	0	0
server/repositories/ResourceRepository.ts	@typescript-eslint/prefer-nullish-coalescing	6	0	6	0	0	0	0
server/repositories/UserFeatureRepository.ts	@typescript-eslint/array-type	4	0	4	0	0	0	0
server/repositories/UserFeatureRepository.ts	@typescript-eslint/no-explicit-any	2	0	2	0	0	0	0
server/repositories/UserFeatureRepository.ts	@typescript-eslint/no-unsafe-argument	1	0	1	0	0	0	0
server/repositories/UserFeatureRepository.ts	@typescript-eslint/no-unsafe-member-access	2	0	2	0	0	0	0
server/repositories/UserFeatureRepository.ts	@typescript-eslint/no-unused-vars	1	0	1	0	0	0	0
server/repositories/UserFeatureRepository.ts	@typescript-eslint/prefer-nullish-coalescing	3	0	3	0	0	0	0
server/repositories/UserFeatureRepository.ts	@typescript-eslint/prefer-optional-chain	2	0	2	0	0	0	0
server/repositories/UserRepository.ts	@typescript-eslint/no-explicit-any	1	0	1	0	0	0	0
server/repositories/UserRepository.ts	@typescript-eslint/no-unnecessary-type-assertion	1	0	1	0	0	0	0
server/repositories/UserRepository.ts	@typescript-eslint/no-unsafe-argument	1	0	1	0	0	0	0
server/repositories/UserRepository.ts	@typescript-eslint/no-unused-vars	2	0	2	0	0	0	0
server/repositories/UserRepository.ts	@typescript-eslint/prefer-nullish-coalescing	2	0	2	0	0	0	0
server/repositories/UserRepository.ts	@typescript-eslint/prefer-optional-chain	1	0	1	0	0	0	0
server/repositories/UserRepository.ts	@typescript-eslint/require-await	1	0	1	0	0	0	0
server/routes.ts	@typescript-eslint/no-explicit-any	3	0	3	0	0	0	0
server/routes.ts	@typescript-eslint/no-misused-promises	7	0	7	0	0	0	0
server/routes.ts	@typescript-eslint/no-unsafe-assignment	2	0	2	0	0	0	0
server/routes.ts	@typescript-eslint/no-unsafe-call	4	0	4	0	0	0	0
server/routes.ts	@typescript-eslint/no-unsafe-member-access	5	0	5	0	0	0	0
server/routes.ts	@typescript-eslint/prefer-nullish-coalescing	2	0	2	0	0	0	0
server/routes.ts	@typescript-eslint/require-await	2	0	2	0	0	0	0
server/routes/domains/admin-content.ts	@typescript-eslint/no-base-to-string	1	0	1	0	0	0	0
server/routes/domains/admin-content.ts	@typescript-eslint/no-explicit-any	33	0	33	0	0	0	0
server/routes/domains/admin-content.ts	@typescript-eslint/no-misused-promises	36	0	36	0	0	0	0
server/routes/domains/admin-content.ts	@typescript-eslint/no-unsafe-argument	47	0	47	0	0	0	0
server/routes/domains/admin-content.ts	@typescript-eslint/no-unsafe-assignment	29	0	29	0	0	0	0
server/routes/domains/admin-content.ts	@typescript-eslint/no-unsafe-call	9	0	9	0	0	0	0
server/routes/domains/admin-content.ts	@typescript-eslint/no-unsafe-member-access	87	0	87	0	0	0	0
server/routes/domains/admin-content.ts	@typescript-eslint/prefer-nullish-coalescing	7	0	7	0	0	0	0
server/routes/domains/admin-content.ts	@typescript-eslint/prefer-optional-chain	1	0	1	0	0	0	0
server/routes/domains/ai-jobs.ts	@typescript-eslint/no-base-to-string	2	0	2	0	0	0	0
server/routes/domains/ai-jobs.ts	@typescript-eslint/no-explicit-any	25	0	25	0	0	0	0
server/routes/domains/ai-jobs.ts	@typescript-eslint/no-misused-promises	16	0	16	0	0	0	0
server/routes/domains/ai-jobs.ts	@typescript-eslint/no-unsafe-argument	3	0	3	0	0	0	0
server/routes/domains/ai-jobs.ts	@typescript-eslint/no-unsafe-assignment	40	0	40	0	0	0	0
server/routes/domains/ai-jobs.ts	@typescript-eslint/no-unsafe-member-access	37	0	37	0	0	0	0
server/routes/domains/ai-jobs.ts	@typescript-eslint/prefer-nullish-coalescing	5	0	5	0	0	0	0
server/routes/domains/auth-user.ts	@typescript-eslint/no-explicit-any	3	0	3	0	0	0	0
server/routes/domains/auth-user.ts	@typescript-eslint/no-misused-promises	1	0	1	0	0	0	0
server/routes/domains/auth-user.ts	@typescript-eslint/no-unsafe-argument	1	0	1	0	0	0	0
server/routes/domains/auth-user.ts	@typescript-eslint/no-unsafe-assignment	1	0	1	0	0	0	0
server/routes/domains/auth-user.ts	@typescript-eslint/no-unsafe-member-access	3	0	3	0	0	0	0
server/routes/domains/auth-user.ts	@typescript-eslint/prefer-nullish-coalescing	1	0	1	0	0	0	0
server/routes/domains/catalog-contributions.ts	@typescript-eslint/no-explicit-any	17	0	17	0	0	0	0
server/routes/domains/catalog-contributions.ts	@typescript-eslint/no-misused-promises	17	0	17	0	0	0	0
server/routes/domains/catalog-contributions.ts	@typescript-eslint/no-unnecessary-type-assertion	1	0	1	0	0	0	0
server/routes/domains/catalog-contributions.ts	@typescript-eslint/no-unsafe-argument	13	0	13	0	0	0	0
server/routes/domains/catalog-contributions.ts	@typescript-eslint/no-unsafe-assignment	18	0	18	0	0	0	0
server/routes/domains/catalog-contributions.ts	@typescript-eslint/no-unsafe-call	25	0	25	0	0	0	0
server/routes/domains/catalog-contributions.ts	@typescript-eslint/no-unsafe-member-access	48	0	48	0	0	0	0
server/routes/domains/catalog-contributions.ts	@typescript-eslint/no-unsafe-return	11	0	11	0	0	0	0
server/routes/domains/catalog-contributions.ts	@typescript-eslint/non-nullable-type-assertion-style	4	0	4	0	0	0	0
server/routes/domains/catalog-contributions.ts	@typescript-eslint/prefer-nullish-coalescing	8	0	8	0	0	0	0
server/routes/domains/catalog-contributions.ts	@typescript-eslint/prefer-optional-chain	4	0	4	0	0	0	0
server/routes/domains/contact.ts	@typescript-eslint/no-misused-promises	2	0	2	0	0	0	0
server/routes/domains/contact.ts	@typescript-eslint/prefer-nullish-coalescing	2	0	2	0	0	0	0
server/routes/domains/export-link-health.ts	@typescript-eslint/array-type	1	0	1	0	0	0	0
server/routes/domains/export-link-health.ts	@typescript-eslint/no-explicit-any	56	0	56	0	0	0	0
server/routes/domains/export-link-health.ts	@typescript-eslint/no-misused-promises	27	0	27	0	0	0	0
server/routes/domains/export-link-health.ts	@typescript-eslint/no-unnecessary-type-assertion	5	0	5	0	0	0	0
server/routes/domains/export-link-health.ts	@typescript-eslint/no-unsafe-argument	15	0	15	0	0	0	0
server/routes/domains/export-link-health.ts	@typescript-eslint/no-unsafe-assignment	89	0	89	0	0	0	0
server/routes/domains/export-link-health.ts	@typescript-eslint/no-unsafe-call	17	0	17	0	0	0	0
server/routes/domains/export-link-health.ts	@typescript-eslint/no-unsafe-member-access	121	0	121	0	0	0	0
server/routes/domains/export-link-health.ts	@typescript-eslint/no-unsafe-return	10	0	10	0	0	0	0
server/routes/domains/export-link-health.ts	@typescript-eslint/no-unused-vars	1	0	1	0	0	0	0
server/routes/domains/export-link-health.ts	@typescript-eslint/prefer-nullish-coalescing	18	0	18	0	0	0	0
server/routes/domains/journeys-recommendations.ts	@typescript-eslint/no-explicit-any	19	0	19	0	0	0	0
server/routes/domains/journeys-recommendations.ts	@typescript-eslint/no-misused-promises	20	0	20	0	0	0	0
server/routes/domains/journeys-recommendations.ts	@typescript-eslint/no-unsafe-argument	48	0	48	0	0	0	0
server/routes/domains/journeys-recommendations.ts	@typescript-eslint/no-unsafe-assignment	24	0	24	0	0	0	0
server/routes/domains/journeys-recommendations.ts	@typescript-eslint/no-unsafe-call	2	0	2	0	0	0	0
server/routes/domains/journeys-recommendations.ts	@typescript-eslint/no-unsafe-member-access	44	0	44	0	0	0	0
server/routes/domains/journeys-recommendations.ts	@typescript-eslint/no-unsafe-return	1	0	1	0	0	0	0
server/routes/domains/journeys-recommendations.ts	@typescript-eslint/no-unused-vars	1	0	1	0	0	0	0
server/routes/domains/journeys-recommendations.ts	@typescript-eslint/prefer-nullish-coalescing	5	0	5	0	0	0	0
server/routes/domains/journeys-recommendations.ts	@typescript-eslint/prefer-optional-chain	3	0	3	0	0	0	0
server/routes/domains/journeys-recommendations.ts	@typescript-eslint/require-await	1	0	1	0	0	0	0
server/routes/domains/operations.ts	@typescript-eslint/array-type	1	0	1	0	0	0	0
server/routes/domains/operations.ts	@typescript-eslint/no-explicit-any	7	0	7	0	0	0	0
server/routes/domains/operations.ts	@typescript-eslint/no-misused-promises	3	0	3	0	0	0	0
server/routes/domains/operations.ts	@typescript-eslint/no-unsafe-argument	6	0	6	0	0	0	0
server/routes/domains/operations.ts	@typescript-eslint/no-unsafe-assignment	6	0	6	0	0	0	0
server/routes/domains/operations.ts	@typescript-eslint/no-unsafe-call	4	0	4	0	0	0	0
server/routes/domains/operations.ts	@typescript-eslint/no-unsafe-member-access	19	0	19	0	0	0	0
server/routes/domains/operations.ts	@typescript-eslint/prefer-nullish-coalescing	3	0	3	0	0	0	0
server/routes/domains/user-features.ts	@typescript-eslint/array-type	1	0	1	0	0	0	0
server/routes/domains/user-features.ts	@typescript-eslint/no-explicit-any	34	0	34	0	0	0	0
server/routes/domains/user-features.ts	@typescript-eslint/no-misused-promises	34	0	34	0	0	0	0
server/routes/domains/user-features.ts	@typescript-eslint/no-unnecessary-type-assertion	1	0	1	0	0	0	0
server/routes/domains/user-features.ts	@typescript-eslint/no-unsafe-argument	83	0	83	0	0	0	0
server/routes/domains/user-features.ts	@typescript-eslint/no-unsafe-assignment	32	0	32	0	0	0	0
server/routes/domains/user-features.ts	@typescript-eslint/no-unsafe-member-access	67	0	67	0	0	0	0
server/routes/domains/user-features.ts	@typescript-eslint/no-unsafe-return	1	0	1	0	0	0	0
server/routes/domains/user-features.ts	@typescript-eslint/no-unused-vars	3	0	3	0	0	0	0
server/routes/domains/user-features.ts	@typescript-eslint/prefer-nullish-coalescing	8	0	8	0	0	0	0
server/routes/domains/user-features.ts	@typescript-eslint/prefer-regexp-exec	1	0	1	0	0	0	0
server/routes/domains/user-features.ts	prefer-const	1	0	1	0	0	0	0
server/routes/non-api.ts	@typescript-eslint/no-base-to-string	1	0	1	0	0	0	0
server/routes/non-api.ts	@typescript-eslint/no-explicit-any	13	0	13	0	0	0	0
server/routes/non-api.ts	@typescript-eslint/no-misused-promises	3	0	3	0	0	0	0
server/routes/non-api.ts	@typescript-eslint/no-unsafe-argument	3	0	3	0	0	0	0
server/routes/non-api.ts	@typescript-eslint/no-unsafe-assignment	3	0	3	0	0	0	0
server/routes/non-api.ts	@typescript-eslint/no-unsafe-call	14	0	14	0	0	0	0
server/routes/non-api.ts	@typescript-eslint/no-unsafe-member-access	20	0	20	0	0	0	0
server/routes/non-api.ts	@typescript-eslint/no-unsafe-return	4	0	4	0	0	0	0
server/routes/non-api.ts	@typescript-eslint/prefer-nullish-coalescing	3	0	3	0	0	0	0
server/routes/non-api.ts	no-control-regex	1	0	1	0	0	0	0
server/routes/non-api.ts	no-useless-escape	1	0	1	0	0	0	0
server/seo-content.ts	@typescript-eslint/consistent-type-definitions	3	0	3	0	0	0	0
server/seo-content.ts	@typescript-eslint/no-base-to-string	2	0	2	0	0	0	0
server/seo-content.ts	@typescript-eslint/no-explicit-any	20	0	20	0	0	0	0
server/seo-content.ts	@typescript-eslint/no-inferrable-types	1	0	1	0	0	0	0
server/seo-content.ts	@typescript-eslint/no-unsafe-assignment	28	0	28	0	0	0	0
server/seo-content.ts	@typescript-eslint/no-unsafe-call	3	0	3	0	0	0	0
server/seo-content.ts	@typescript-eslint/no-unsafe-member-access	42	0	42	0	0	0	0
server/seo-content.ts	@typescript-eslint/no-unsafe-return	4	0	4	0	0	0	0
server/services/digestService.ts	@typescript-eslint/array-type	3	0	3	0	0	0	0
server/services/digestService.ts	@typescript-eslint/consistent-type-definitions	1	0	1	0	0	0	0
server/services/digestService.ts	@typescript-eslint/no-unnecessary-type-assertion	1	0	1	0	0	0	0
server/services/digestService.ts	@typescript-eslint/prefer-nullish-coalescing	1	0	1	0	0	0	0
server/services/digestService.ts	@typescript-eslint/prefer-optional-chain	1	0	1	0	0	0	0
server/services/linkHealthService.ts	@typescript-eslint/no-explicit-any	1	0	1	0	0	0	0
server/services/linkHealthService.ts	@typescript-eslint/no-unsafe-assignment	1	0	1	0	0	0	0
server/services/linkHealthService.ts	@typescript-eslint/no-unsafe-member-access	3	0	3	0	0	0	0
server/services/linkHealthService.ts	@typescript-eslint/prefer-nullish-coalescing	2	0	2	0	0	0	0
server/services/linkHealthService.ts	@typescript-eslint/prefer-optional-chain	2	0	2	0	0	0	0
server/services/relatedResources.ts	@typescript-eslint/prefer-nullish-coalescing	2	0	2	0	0	0	0
server/ssr-dev.ts	@typescript-eslint/no-unsafe-argument	1	0	1	0	0	0	0
server/ssr-dev.ts	@typescript-eslint/no-unsafe-assignment	3	0	3	0	0	0	0
server/ssr-dev.ts	@typescript-eslint/no-unsafe-call	1	0	1	0	0	0	0
server/ssr-dev.ts	@typescript-eslint/require-await	1	0	1	0	0	0	0
server/ssr.ts	@typescript-eslint/consistent-indexed-object-style	0	0	1	0	1	0	1
server/ssr.ts	@typescript-eslint/consistent-type-definitions	1	0	1	0	0	0	0
server/ssr.ts	@typescript-eslint/prefer-nullish-coalescing	3	0	3	0	0	0	0
server/ssr.ts	@typescript-eslint/prefer-regexp-exec	1	0	1	0	0	0	0
server/storage.ts	@typescript-eslint/array-type	6	0	6	0	0	0	0
server/storage.ts	@typescript-eslint/no-explicit-any	21	0	21	0	0	0	0
server/storage.ts	@typescript-eslint/no-redundant-type-constituents	4	0	4	0	0	0	0
server/storage.ts	@typescript-eslint/no-unsafe-assignment	1	0	1	0	0	0	0
server/storage.ts	@typescript-eslint/no-unsafe-member-access	2	0	2	0	0	0	0
server/storage.ts	@typescript-eslint/no-unsafe-return	2	0	2	0	0	0	0
server/storage.ts	@typescript-eslint/no-unused-vars	2	0	2	0	0	0	0
server/storage.ts	@typescript-eslint/prefer-nullish-coalescing	2	0	2	0	0	0	0
server/validation/awesomeLint.ts	@typescript-eslint/consistent-indexed-object-style	1	0	1	0	0	0	0
server/validation/awesomeLint.ts	@typescript-eslint/no-unused-vars	1	0	1	0	0	0	0
server/validation/awesomeLint.ts	@typescript-eslint/prefer-includes	1	0	1	0	0	0	0
server/validation/awesomeLint.ts	@typescript-eslint/prefer-nullish-coalescing	1	0	1	0	0	0	0
server/validation/awesomeLint.ts	@typescript-eslint/prefer-regexp-exec	4	0	4	0	0	0	0
server/validation/awesomeLint.ts	@typescript-eslint/prefer-string-starts-ends-with	2	0	2	0	0	0	0
server/validation/exportLinkGate.ts	@typescript-eslint/array-type	2	0	2	0	0	0	0
server/validation/inputs.ts	@typescript-eslint/no-explicit-any	4	0	4	0	0	0	0
server/validation/inputs.ts	@typescript-eslint/no-unsafe-member-access	1	0	1	0	0	0	0
server/validation/inputs.ts	@typescript-eslint/no-unsafe-return	2	0	2	0	0	0	0
server/validation/linkChecker.ts	@typescript-eslint/array-type	4	0	4	0	0	0	0
server/validation/linkChecker.ts	@typescript-eslint/consistent-indexed-object-style	2	0	2	0	0	0	0
server/validation/linkChecker.ts	@typescript-eslint/no-explicit-any	9	0	9	0	0	0	0
server/validation/linkChecker.ts	@typescript-eslint/no-unsafe-argument	2	0	2	0	0	0	0
server/validation/linkChecker.ts	@typescript-eslint/no-unsafe-assignment	2	0	2	0	0	0	0
server/validation/linkChecker.ts	@typescript-eslint/no-unsafe-call	4	0	4	0	0	0	0
server/validation/linkChecker.ts	@typescript-eslint/no-unsafe-member-access	6	0	6	0	0	0	0
server/validation/linkChecker.ts	@typescript-eslint/no-unused-vars	1	0	1	0	0	0	0
server/validation/linkChecker.ts	@typescript-eslint/prefer-nullish-coalescing	18	0	18	0	0	0	0
server/validation/linkChecker.ts	@typescript-eslint/prefer-optional-chain	1	0	1	0	0	0	0
server/validation/linkChecker.ts	@typescript-eslint/prefer-regexp-exec	2	0	2	0	0	0	0
shared/journeyProgress.ts	@typescript-eslint/prefer-nullish-coalescing	2	0	2	0	0	0	0
shared/schema.ts	@typescript-eslint/array-type	1	0	1	0	0	0	0
shared/schema.ts	@typescript-eslint/no-explicit-any	11	0	11	0	0	0	0
shared/schema.ts	@typescript-eslint/no-unused-vars	2	0	2	0	0	0	0
shared/searchNormalize.ts	no-control-regex	1	0	1	0	0	0	0
shared/seo-templates.ts	@typescript-eslint/prefer-nullish-coalescing	3	0	3	0	0	0	0
shared/seo-templates.ts	@typescript-eslint/prefer-optional-chain	2	0	2	0	0	0	0
shared/seo-templates.ts	@typescript-eslint/prefer-regexp-exec	1	0	1	0	0	0	0
shared/seo-templates.ts	no-useless-escape	1	0	1	0	0	0	0
shared/validation.ts	@typescript-eslint/prefer-regexp-exec	1	0	1	0	0	0	0
shared/validation.ts	no-control-regex	3	0	3	0	0	0	0
stylelint.config.mjs	parsing-error	1	0	1	0	0	0	0
tailwind.config.ts	parsing-error	1	0	1	0	0	0	0
tests/e2e/admin-operations.spec.ts	parsing-error	1	0	1	0	0	0	0
tests/e2e/admin-users-audit.spec.ts	parsing-error	1	0	1	0	0	0	0
tests/e2e/browse-categories.spec.ts	parsing-error	1	0	1	0	0	0	0
tests/e2e/continue-learning.spec.ts	parsing-error	1	0	1	0	0	0	0
tests/e2e/favorites.spec.ts	parsing-error	1	0	1	0	0	0	0
tests/e2e/resource-detail.spec.ts	parsing-error	1	0	1	0	0	0	0
tests/e2e/search.spec.ts	parsing-error	1	0	1	0	0	0	0
tests/e2e/sidebar-ux.spec.ts	parsing-error	1	0	1	0	0	0	0
tests/e2e/task549-admin-fixtures.ts	parsing-error	1	0	1	0	0	0	0
tests/global-setup.ts	parsing-error	1	0	1	0	0	0	0
tests/helpers/api-helper.ts	parsing-error	1	0	1	0	0	0	0
tests/helpers/db-helper.ts	parsing-error	1	0	1	0	0	0	0
tests/helpers/test-db-url.ts	parsing-error	1	0	1	0	0	0	0
tests/parity/actions.mjs	parsing-error	1	0	1	0	0	0	0
tests/parity/catalog-paths.mjs	parsing-error	1	0	1	0	0	0	0
tests/parity/cli.mjs	parsing-error	1	0	1	0	0	0	0
tests/parity/identity.mjs	parsing-error	1	0	1	0	0	0	0
tests/parity/inventory.mjs	parsing-error	1	0	1	0	0	0	0
tests/parity/readiness.mjs	parsing-error	1	0	1	0	0	0	0
tests/parity/reference-adapter.mjs	parsing-error	1	0	1	0	0	0	0
tests/parity/reference-admin-catalog.mjs	parsing-error	0	0	1	0	1	0	1
tests/parity/reference-admin-operations.mjs	parsing-error	0	0	1	0	1	0	1
tests/parity/reference-extensions.mjs	parsing-error	0	0	1	0	1	0	1
tests/parity/reference-reconciliation.mjs	parsing-error	1	0	1	0	0	0	0
tests/parity/report.mjs	parsing-error	1	0	1	0	0	0	0
tests/parity/runner.mjs	parsing-error	1	0	1	0	0	0	0
tests/setup.ts	parsing-error	1	0	1	0	0	0	0
vitest.config.ts	parsing-error	1	0	1	0	0	0	0
